Snapshot_Date,SKU,Current_Stock,On_Order,Lead_Time_Days,Safety_Stock,Reorder_Point,Inventory_Value
2024-01-01,SKU001,16,23,11,7,18,58420.96
2024-01-01,SKU002,29,12,4,5,10,163983.4
2024-01-01,SKU003,34,23,14,6,20,209060.22
2024-01-01,SKU004,34,4,7,5,12,42257.92
2024-01-01,SKU005,23,5,5,6,11,170945.89
2024-01-01,SKU006,13,6,5,5,10,86143.2
2024-01-01,SKU007,12,2,3,7,10,54576.36
2024-01-01,SKU008,18,22,7,5,12,119954.52
2024-01-01,SKU009,13,14,12,5,17,38968.54
2024-01-01,SKU010,28,9,12,5,17,200807.32
2024-01-01,SKU011,5,3,3,5,10,19335.45
2024-01-01,SKU012,24,14,3,5,10,34697.76
2024-01-01,SKU013,5,19,4,6,10,38741.0
2024-01-01,SKU014,20,12,6,6,12,62421.2
2024-01-01,SKU015,23,20,6,5,11,28908.47
2024-01-01,SKU016,20,18,3,7,10,40171.0
2024-01-01,SKU017,28,11,7,5,12,187691.28
2024-01-01,SKU018,32,37,13,7,20,85466.88
2024-01-01,SKU019,7,32,12,5,17,22770.72
2024-01-01,SKU020,31,17,3,5,10,171719.54
2024-01-01,SKU021,26,17,4,5,10,7983.56
2024-01-01,SKU022,32,20,6,6,12,172882.88
2024-01-01,SKU023,29,8,5,5,10,110391.4
2024-01-01,SKU024,10,12,12,7,19,13334.3
2024-01-01,SKU025,34,10,12,7,19,132634.0
2024-01-01,SKU026,14,33,11,7,18,86502.36
2024-01-01,SKU027,25,1,11,5,16,114596.5
2024-01-01,SKU028,5,3,9,7,16,2444.2
2024-01-01,SKU029,5,17,13,5,18,17080.5
2024-01-01,SKU030,30,23,10,5,15,61890.9
2024-01-01,SKU031,22,17,4,5,10,55557.7
2024-01-01,SKU032,19,21,9,5,14,86773.0
2024-01-01,SKU033,10,17,4,5,10,33995.0
2024-01-01,SKU034,29,2,6,5,11,44777.16
2024-01-01,SKU035,23,18,5,5,10,134510.44
2024-01-01,SKU036,25,16,6,6,12,37496.5
2024-01-01,SKU037,32,1,4,5,10,180687.36
2024-01-01,SKU038,23,21,8,7,15,73666.93
2024-01-01,SKU039,17,25,14,6,20,51918.85
2024-01-01,SKU040,22,0,4,5,10,25620.1
2024-01-01,SKU041,23,8,9,5,14,130472.79
2024-01-01,SKU042,15,26,9,6,15,116416.8
2024-01-01,SKU043,17,2,13,5,18,63453.35
2024-01-01,SKU044,27,6,13,5,18,26919.81
2024-01-01,SKU045,16,6,3,7,10,29093.12
2024-01-01,SKU046,22,21,9,5,14,104256.9
2024-01-01,SKU047,23,11,4,7,11,140956.19
2024-01-01,SKU048,15,10,8,5,13,53980.8
2024-01-01,SKU049,11,1,11,5,16,58149.41
2024-01-01,SKU050,19,18,11,6,17,65977.69
2024-02-01,SKU001,918,496,3,246,346,3351902.58
2024-02-01,SKU002,277,465,4,154,234,1566324.2
2024-02-01,SKU003,309,257,11,39,177,1899988.47
2024-02-01,SKU004,168,422,5,141,236,208803.84
2024-02-01,SKU005,401,292,10,161,373,2980404.43
2024-02-01,SKU006,464,145,9,63,212,3074649.6
2024-02-01,SKU007,282,685,13,143,390,1282544.46
2024-02-01,SKU008,186,157,10,128,376,1239530.04
2024-02-01,SKU009,94,252,14,72,218,281772.52
2024-02-01,SKU010,100,131,13,24,69,717169.0
2024-02-01,SKU011,596,324,13,139,466,2304785.64
2024-02-01,SKU012,67,83,13,13,56,96864.58
2024-02-01,SKU013,269,157,10,25,104,2084265.8
2024-02-01,SKU014,383,1,8,98,241,1195365.98
2024-02-01,SKU015,607,325,10,120,297,762932.23
2024-02-01,SKU016,299,121,11,66,173,600556.45
2024-02-01,SKU017,218,315,7,85,175,1461310.68
2024-02-01,SKU018,645,236,5,130,222,1722691.8
2024-02-01,SKU019,163,199,11,25,111,530232.48
2024-02-01,SKU020,643,650,7,204,468,3561795.62
2024-02-01,SKU021,194,11,13,46,137,59569.64
2024-02-01,SKU022,394,205,14,45,218,2128620.46
2024-02-01,SKU023,46,153,14,61,183,175103.6
2024-02-01,SKU024,165,251,7,67,172,220015.95
2024-02-01,SKU025,532,517,8,211,489,2075332.0
2024-02-01,SKU026,146,65,11,31,101,902096.04
2024-02-01,SKU027,568,306,7,69,198,2603632.48
2024-02-01,SKU028,711,290,8,104,272,347565.24
2024-02-01,SKU029,429,569,5,190,333,1465506.9
2024-02-01,SKU030,68,61,9,52,115,140286.04
2024-02-01,SKU031,68,81,12,33,100,171723.8
2024-02-01,SKU032,272,122,5,64,122,1242224.0
2024-02-01,SKU033,266,80,9,43,150,904267.0
2024-02-01,SKU034,37,67,11,23,81,57129.48
2024-02-01,SKU035,552,394,13,169,460,3228250.56
2024-02-01,SKU036,223,124,14,130,414,334468.78
2024-02-01,SKU037,870,906,7,352,674,4912437.6
2024-02-01,SKU038,301,57,7,75,153,964075.91
2024-02-01,SKU039,24,111,5,33,56,73297.2
2024-02-01,SKU040,67,68,3,36,55,78024.85
2024-02-01,SKU041,301,16,6,71,170,1707491.73
2024-02-01,SKU042,70,86,4,37,67,543278.4
2024-02-01,SKU043,114,410,5,97,208,425510.7
2024-02-01,SKU044,257,185,14,27,136,256236.71
2024-02-01,SKU045,491,158,7,50,157,892795.12
2024-02-01,SKU046,89,167,12,82,234,421766.55
2024-02-01,SKU047,59,135,9,32,94,361583.27
2024-02-01,SKU048,134,20,6,24,47,482228.48
2024-02-01,SKU049,730,566,5,167,327,3859006.3
2024-02-01,SKU050,312,154,5,114,205,1083423.12
2024-03-01,SKU001,502,312,8,270,553,1832957.62
2024-03-01,SKU002,636,367,9,155,350,3596325.6
2024-03-01,SKU003,211,442,11,111,263,1297403.13
2024-03-01,SKU004,156,137,13,124,391,193889.28
2024-03-01,SKU005,638,295,9,130,335,4741890.34
2024-03-01,SKU006,477,136,12,62,266,3160792.8
2024-03-01,SKU007,565,231,11,97,310,2569636.95
2024-03-01,SKU008,537,304,14,177,549,3578643.18
2024-03-01,SKU009,317,104,5,49,105,950232.86
2024-03-01,SKU010,89,106,5,33,54,638280.41
2024-03-01,SKU011,574,255,5,217,355,2219709.66
2024-03-01,SKU012,93,39,5,11,29,134453.82
2024-03-01,SKU013,344,197,4,64,105,2665380.8
2024-03-01,SKU014,336,8,14,133,408,1048676.16
2024-03-01,SKU015,429,85,4,122,198,539205.81
2024-03-01,SKU016,311,97,12,63,217,624659.05
2024-03-01,SKU017,237,170,6,89,168,1588672.62
2024-03-01,SKU018,270,347,13,85,331,721126.8
2024-03-01,SKU019,257,104,6,30,81,836010.72
2024-03-01,SKU020,736,121,3,272,396,4076954.24
2024-03-01,SKU021,146,114,6,25,70,44830.76
2024-03-01,SKU022,109,191,9,42,155,588882.31
2024-03-01,SKU023,151,321,14,59,203,574796.6
2024-03-01,SKU024,436,379,8,66,195,581375.48
2024-03-01,SKU025,585,659,6,137,372,2282085.0
2024-03-01,SKU026,140,20,9,35,98,865023.6
2024-03-01,SKU027,536,487,11,76,313,2456948.96
2024-03-01,SKU028,292,420,8,152,323,142741.28
2024-03-01,SKU029,346,111,14,119,537,1181970.6
2024-03-01,SKU030,115,22,4,48,76,237248.45
2024-03-01,SKU031,159,66,7,27,78,401530.65
2024-03-01,SKU032,429,87,7,47,134,1959243.0
2024-03-01,SKU033,312,346,9,68,179,1060644.0
2024-03-01,SKU034,197,162,14,42,139,304175.88
2024-03-01,SKU035,349,30,4,129,229,2041049.72
2024-03-01,SKU036,428,259,4,80,171,641940.08
2024-03-01,SKU037,414,283,8,188,579,2337642.72
2024-03-01,SKU038,122,61,9,73,184,390755.02
2024-03-01,SKU039,71,87,6,30,66,216837.55
2024-03-01,SKU040,86,155,9,38,97,100151.3
2024-03-01,SKU041,234,279,11,85,293,1327418.82
2024-03-01,SKU042,72,50,10,62,141,558800.64
2024-03-01,SKU043,165,429,9,125,336,615870.75
2024-03-01,SKU044,47,64,3,44,68,46860.41
2024-03-01,SKU045,453,182,3,75,129,823698.96
2024-03-01,SKU046,456,53,9,64,194,2160961.2
2024-03-01,SKU047,56,99,6,38,83,343197.68
2024-03-01,SKU048,70,12,5,25,43,251910.4
2024-03-01,SKU049,813,310,3,216,309,4297770.03
2024-03-01,SKU050,458,35,4,108,186,1590409.58
2024-04-01,SKU001,617,58,8,316,654,2252858.27
2024-04-01,SKU002,706,674,9,108,346,3992147.6
2024-04-01,SKU003,341,84,5,105,184,2096751.03
2024-04-01,SKU004,502,292,14,152,486,623925.76
2024-04-01,SKU005,902,272,4,107,216,6704051.86
2024-04-01,SKU006,341,558,9,104,311,2259602.4
2024-04-01,SKU007,445,303,4,121,214,2023873.35
2024-04-01,SKU008,206,344,6,197,386,1372812.84
2024-04-01,SKU009,92,586,14,110,311,275777.36
2024-04-01,SKU010,133,106,8,19,56,953834.77
2024-04-01,SKU011,708,493,5,161,317,2737899.72
2024-04-01,SKU012,22,32,4,21,38,31806.28
2024-04-01,SKU013,229,253,11,33,151,1774337.8
2024-04-01,SKU014,140,297,5,88,202,436948.4
2024-04-01,SKU015,536,125,3,71,141,673693.04
2024-04-01,SKU016,188,93,4,44,95,377607.4
2024-04-01,SKU017,425,409,14,60,282,2848885.5
2024-04-01,SKU018,455,300,3,178,247,1215232.2
2024-04-01,SKU019,144,99,7,34,103,468426.24
2024-04-01,SKU020,1186,802,9,374,803,6569657.24
2024-04-01,SKU021,191,113,10,32,120,58648.46
2024-04-01,SKU022,399,434,12,70,238,2155633.41
2024-04-01,SKU023,318,72,3,65,100,1210498.8
2024-04-01,SKU024,167,338,9,119,294,222682.81
2024-04-01,SKU025,1263,1100,10,350,810,4926963.0
2024-04-01,SKU026,85,5,9,43,110,525192.9
2024-04-01,SKU027,177,97,13,160,462,811343.22
2024-04-01,SKU028,841,202,6,142,306,411114.44
2024-04-01,SKU029,230,223,11,164,561,785703.0
2024-04-01,SKU030,85,76,4,48,83,175357.55
2024-04-01,SKU031,292,22,8,33,101,737402.2
2024-04-01,SKU032,524,70,10,99,260,2393108.0
2024-04-01,SKU033,242,423,10,118,270,822679.0
2024-04-01,SKU034,105,67,6,24,68,162124.2
2024-04-01,SKU035,210,529,5,136,272,1228138.8
2024-04-01,SKU036,395,361,14,91,429,592444.7
2024-04-01,SKU037,553,630,9,202,751,3122503.44
2024-04-01,SKU038,452,340,12,72,229,1447715.32
2024-04-01,SKU039,135,16,10,21,85,412296.75
2024-04-01,SKU040,185,32,5,37,79,215441.75
2024-04-01,SKU041,179,159,3,69,135,1015418.67
2024-04-01,SKU042,164,37,5,44,92,1272823.68
2024-04-01,SKU043,340,841,13,141,494,1269067.0
2024-04-01,SKU044,143,148,3,81,112,142575.29
2024-04-01,SKU045,198,124,7,61,199,360027.36
2024-04-01,SKU046,256,194,5,76,155,1213171.2
2024-04-01,SKU047,119,58,4,36,65,729295.07
2024-04-01,SKU048,73,46,4,21,39,262706.56
2024-04-01,SKU049,697,321,4,184,336,3684558.07
2024-04-01,SKU050,214,491,4,172,258,743117.14
2024-05-01,SKU001,1195,588,5,318,518,4363315.45
2024-05-01,SKU002,791,86,10,123,356,4472788.6
2024-05-01,SKU003,372,164,8,75,194,2287364.76
2024-05-01,SKU004,310,38,6,75,202,385292.8
2024-05-01,SKU005,688,133,6,106,253,5113511.84
2024-05-01,SKU006,145,644,13,139,405,960828.0
2024-05-01,SKU007,555,166,11,78,305,2524156.65
2024-05-01,SKU008,915,574,8,111,342,6097688.1
2024-05-01,SKU009,268,173,5,38,100,803351.44
2024-05-01,SKU010,74,35,12,21,65,530705.06
2024-05-01,SKU011,301,26,14,149,531,1163994.09
2024-05-01,SKU012,100,14,12,18,67,144574.0
2024-05-01,SKU013,166,0,6,41,104,1286201.2
2024-05-01,SKU014,182,396,13,91,370,568032.92
2024-05-01,SKU015,279,387,7,92,234,350672.31
2024-05-01,SKU016,63,74,10,93,217,126538.65
2024-05-01,SKU017,231,107,6,102,192,1548453.06
2024-05-01,SKU018,570,529,12,140,404,1522378.8
2024-05-01,SKU019,53,62,3,62,90,172406.88
2024-05-01,SKU020,332,591,6,181,439,1839060.88
2024-05-01,SKU021,168,17,7,42,96,51586.08
2024-05-01,SKU022,444,150,6,80,157,2398749.96
2024-05-01,SKU023,161,14,6,77,141,612862.6
2024-05-01,SKU024,263,84,13,76,326,350692.09
2024-05-01,SKU025,1015,185,6,307,565,3959515.0
2024-05-01,SKU026,198,53,13,53,142,1223390.52
2024-05-01,SKU027,562,459,10,160,388,2576129.32
2024-05-01,SKU028,184,578,10,124,367,89946.56
2024-05-01,SKU029,176,580,13,162,612,601233.6
2024-05-01,SKU030,99,13,14,29,149,204239.97
2024-05-01,SKU031,71,103,11,30,114,179299.85
2024-05-01,SKU032,304,71,3,80,122,1388368.0
2024-05-01,SKU033,380,152,5,111,187,1291810.0
2024-05-01,SKU034,94,174,9,32,89,145139.76
2024-05-01,SKU035,571,124,3,105,183,3339367.88
2024-05-01,SKU036,355,190,5,92,206,532450.3
2024-05-01,SKU037,283,1095,5,413,675,1597953.84
2024-05-01,SKU038,305,169,8,81,183,976887.55
2024-05-01,SKU039,143,155,7,47,92,436729.15
2024-05-01,SKU040,222,98,11,45,124,258530.1
2024-05-01,SKU041,480,764,13,146,401,2722910.4
2024-05-01,SKU042,170,50,3,51,78,1319390.4
2024-05-01,SKU043,534,236,13,80,422,1993181.7
2024-05-01,SKU044,205,170,7,52,118,204391.15
2024-05-01,SKU045,547,376,13,109,353,994621.04
2024-05-01,SKU046,142,103,14,51,258,672930.9
2024-05-01,SKU047,52,271,14,59,166,318683.56
2024-05-01,SKU048,112,91,12,20,67,403056.64
2024-05-01,SKU049,456,207,8,112,391,2410557.36
2024-05-01,SKU050,621,258,7,86,220,2156428.71
2024-06-01,SKU001,347,499,7,262,521,1267004.57
2024-06-01,SKU002,324,359,6,168,316,1832090.4
2024-06-01,SKU003,199,223,7,84,178,1223617.17
2024-06-01,SKU004,628,334,11,117,338,780528.64
2024-06-01,SKU005,532,31,11,148,431,3954052.76
2024-06-01,SKU006,275,225,12,90,331,1822260.0
2024-06-01,SKU007,591,729,13,81,367,2687885.73
2024-06-01,SKU008,760,110,8,207,427,5064746.4
2024-06-01,SKU009,154,95,4,54,104,461627.32
2024-06-01,SKU010,103,29,14,22,87,738684.07
2024-06-01,SKU011,916,171,8,183,416,3542254.44
2024-06-01,SKU012,36,50,13,25,69,52046.64
2024-06-01,SKU013,186,14,3,32,61,1441165.2
2024-06-01,SKU014,274,27,7,63,210,855170.44
2024-06-01,SKU015,526,626,7,170,327,661124.14
2024-06-01,SKU016,424,0,13,88,247,851625.2
2024-06-01,SKU017,127,202,4,66,126,851314.02
2024-06-01,SKU018,477,484,12,117,363,1273990.68
2024-06-01,SKU019,216,88,13,43,153,702639.36
2024-06-01,SKU020,382,448,6,284,532,2116027.88
2024-06-01,SKU021,164,103,3,45,66,50357.84
2024-06-01,SKU022,95,271,11,67,218,513246.05
2024-06-01,SKU023,370,55,3,82,116,1408442.0
2024-06-01,SKU024,418,185,8,62,189,557373.74
2024-06-01,SKU025,1407,841,9,255,626,5488707.0
2024-06-01,SKU026,223,283,13,48,149,1377859.02
2024-06-01,SKU027,712,434,13,142,412,3263708.32
2024-06-01,SKU028,405,318,11,118,377,197980.2
2024-06-01,SKU029,207,198,13,212,624,707132.7
2024-06-01,SKU030,199,185,9,56,125,410542.97
2024-06-01,SKU031,181,40,14,53,164,457088.35
2024-06-01,SKU032,385,273,9,67,191,1758295.0
2024-06-01,SKU033,271,44,7,104,197,921264.5
2024-06-01,SKU034,168,22,3,44,65,259398.72
2024-06-01,SKU035,799,666,9,136,349,4672775.72
2024-06-01,SKU036,214,501,7,118,272,320970.04
2024-06-01,SKU037,1382,464,9,261,728,7803435.36
2024-06-01,SKU038,118,237,4,90,140,377943.38
2024-06-01,SKU039,171,195,10,42,112,522242.55
2024-06-01,SKU040,262,4,9,50,120,305112.1
2024-06-01,SKU041,449,392,11,146,360,2547055.77
2024-06-01,SKU042,271,295,14,39,156,2103263.52
2024-06-01,SKU043,553,22,12,86,399,2064100.15
2024-06-01,SKU044,321,323,14,67,205,320046.63
2024-06-01,SKU045,163,184,5,66,162,296386.16
2024-06-01,SKU046,250,163,13,45,234,1184737.5
2024-06-01,SKU047,108,9,7,23,72,661881.24
2024-06-01,SKU048,59,103,8,17,53,212324.48
2024-06-01,SKU049,418,536,5,138,314,2209677.58
2024-06-01,SKU050,504,179,5,155,255,1750145.04
2024-07-01,SKU001,928,173,11,184,635,3388415.68
2024-07-01,SKU002,517,515,13,170,490,2923428.2
2024-07-01,SKU003,449,232,11,80,234,2760824.67
2024-07-01,SKU004,322,651,10,133,339,400207.36
2024-07-01,SKU005,488,846,12,152,446,3627025.84
2024-07-01,SKU006,500,325,3,111,173,3313200.0
2024-07-01,SKU007,513,412,7,113,268,2333139.39
2024-07-01,SKU008,307,127,4,132,251,2045890.98
2024-07-01,SKU009,232,211,3,71,106,695438.56
2024-07-01,SKU010,131,31,5,14,36,939491.39
2024-07-01,SKU011,946,45,7,137,357,3658267.14
2024-07-01,SKU012,151,18,6,23,49,218306.74
2024-07-01,SKU013,141,117,13,54,186,1092496.2
2024-07-01,SKU014,636,321,7,160,307,1984994.16
2024-07-01,SKU015,709,2,9,96,313,891135.01
2024-07-01,SKU016,229,294,11,77,218,459957.95
2024-07-01,SKU017,205,120,7,85,199,1374168.3
2024-07-01,SKU018,476,156,8,93,260,1271319.84
2024-07-01,SKU019,120,28,9,32,120,390355.2
2024-07-01,SKU020,658,732,10,346,807,3644885.72
2024-07-01,SKU021,262,102,12,27,121,80449.72
2024-07-01,SKU022,486,26,8,90,202,2625658.74
2024-07-01,SKU023,251,157,4,86,132,955456.6
2024-07-01,SKU024,332,12,8,117,266,442698.76
2024-07-01,SKU025,1339,717,9,199,571,5223439.0
2024-07-01,SKU026,220,75,8,41,101,1359322.8
2024-07-01,SKU027,519,230,5,153,259,2379023.34
2024-07-01,SKU028,248,741,13,153,484,121232.32
2024-07-01,SKU029,1041,413,6,216,414,3556160.1
2024-07-01,SKU030,292,138,6,63,120,602404.76
2024-07-01,SKU031,178,70,14,42,156,449512.3
2024-07-01,SKU032,311,92,13,49,216,1420337.0
2024-07-01,SKU033,307,136,10,94,233,1043646.5
2024-07-01,SKU034,171,238,13,49,139,264030.84
2024-07-01,SKU035,567,216,3,102,182,3315974.76
2024-07-01,SKU036,166,599,9,133,334,248976.76
2024-07-01,SKU037,1844,510,13,251,951,10412109.12
2024-07-01,SKU038,236,82,9,52,164,755886.76
2024-07-01,SKU039,91,63,5,53,87,277918.55
2024-07-01,SKU040,175,90,3,29,53,203796.25
2024-07-01,SKU041,746,322,12,149,413,4231856.58
2024-07-01,SKU042,123,197,14,63,185,954617.76
2024-07-01,SKU043,873,729,13,117,454,3258516.15
2024-07-01,SKU044,60,26,3,45,74,59821.8
2024-07-01,SKU045,149,349,12,56,259,270929.68
2024-07-01,SKU046,372,398,12,98,281,1762889.4
2024-07-01,SKU047,95,160,8,43,105,582210.35
2024-07-01,SKU048,32,141,10,29,74,115159.04
2024-07-01,SKU049,856,822,7,293,552,4525081.36
2024-07-01,SKU050,440,147,12,152,400,1527904.4
2024-08-01,SKU001,208,776,11,131,499,759472.48
2024-08-01,SKU002,283,360,10,91,299,1600251.8
2024-08-01,SKU003,244,130,12,46,183,1500314.52
2024-08-01,SKU004,129,113,10,85,272,160331.52
2024-08-01,SKU005,592,164,4,80,164,4399998.56
2024-08-01,SKU006,453,205,14,73,304,3001759.2
2024-08-01,SKU007,527,99,10,148,339,2396811.81
2024-08-01,SKU008,700,612,14,123,498,4664898.0
2024-08-01,SKU009,233,128,11,64,188,698436.14
2024-08-01,SKU010,103,75,8,12,40,738684.07
2024-08-01,SKU011,863,544,7,165,342,3337298.67
2024-08-01,SKU012,30,43,13,21,61,43372.2
2024-08-01,SKU013,281,305,14,65,193,2177244.2
2024-08-01,SKU014,435,351,8,101,245,1357661.1
2024-08-01,SKU015,322,412,10,82,258,404718.58
2024-08-01,SKU016,79,92,11,58,170,158675.45
2024-08-01,SKU017,70,227,4,83,134,469228.2
2024-08-01,SKU018,346,526,13,116,353,924110.64
2024-08-01,SKU019,39,5,10,24,96,126865.44
2024-08-01,SKU020,565,30,11,268,656,3129727.1
2024-08-01,SKU021,191,58,9,27,81,58648.46
2024-08-01,SKU022,199,177,4,88,137,1075115.41
2024-08-01,SKU023,272,223,13,48,167,1035395.2
2024-08-01,SKU024,253,350,14,77,282,337357.79
2024-08-01,SKU025,483,277,11,227,624,1884183.0
2024-08-01,SKU026,164,72,10,30,84,1013313.36
2024-08-01,SKU027,579,183,5,127,213,2654054.94
2024-08-01,SKU028,361,54,3,110,172,176471.24
2024-08-01,SKU029,631,27,12,159,507,2155559.1
2024-08-01,SKU030,200,146,7,41,86,412606.0
2024-08-01,SKU031,183,236,12,44,133,462139.05
2024-08-01,SKU032,385,206,10,61,177,1758295.0
2024-08-01,SKU033,128,181,3,90,126,435136.0
2024-08-01,SKU034,206,6,5,24,54,318072.24
2024-08-01,SKU035,220,377,12,127,413,1286621.6
2024-08-01,SKU036,351,202,4,75,151,526450.86
2024-08-01,SKU037,1066,818,14,365,1013,6019147.68
2024-08-01,SKU038,220,369,12,64,193,704640.2
2024-08-01,SKU039,96,13,4,27,46,293188.8
2024-08-01,SKU040,47,64,3,27,44,54733.85
2024-08-01,SKU041,123,254,3,106,156,697745.79
2024-08-01,SKU042,188,97,7,45,96,1459090.56
2024-08-01,SKU043,444,39,11,64,300,1657252.2
2024-08-01,SKU044,194,231,10,65,147,193423.82
2024-08-01,SKU045,223,246,10,114,261,405485.36
2024-08-01,SKU046,108,455,14,93,262,511806.6
2024-08-01,SKU047,177,71,4,40,65,1084749.81
2024-08-01,SKU048,65,63,12,33,85,233916.8
2024-08-01,SKU049,635,127,8,231,463,3356806.85
2024-08-01,SKU050,360,104,6,83,186,1250103.6
2024-09-01,SKU001,374,550,6,176,355,1365589.94
2024-09-01,SKU002,512,183,7,70,192,2895155.2
2024-09-01,SKU003,304,237,8,55,141,1869244.32
2024-09-01,SKU004,368,164,5,99,186,457379.84
2024-09-01,SKU005,641,565,13,138,390,4764187.63
2024-09-01,SKU006,246,180,14,60,288,1630094.4
2024-09-01,SKU007,296,417,9,118,279,1346216.88
2024-09-01,SKU008,125,180,12,192,480,833017.5
2024-09-01,SKU009,193,131,13,41,144,578532.94
2024-09-01,SKU010,37,39,6,16,34,265352.53
2024-09-01,SKU011,536,391,11,122,365,2072760.24
2024-09-01,SKU012,51,28,3,15,25,73732.74
2024-09-01,SKU013,138,299,14,56,164,1069251.6
2024-09-01,SKU014,94,291,13,123,331,293379.64
2024-09-01,SKU015,327,205,4,106,171,411003.03
2024-09-01,SKU016,93,5,13,36,149,186795.15
2024-09-01,SKU017,197,199,4,76,123,1320542.22
2024-09-01,SKU018,341,456,10,93,254,910756.44
2024-09-01,SKU019,100,136,4,43,72,325296.0
2024-09-01,SKU020,627,424,6,173,386,3473166.18
2024-09-01,SKU021,184,10,3,25,41,56499.04
2024-09-01,SKU022,393,426,13,74,222,2123217.87
2024-09-01,SKU023,73,269,11,51,149,277881.8
2024-09-01,SKU024,152,125,12,72,237,202681.36
2024-09-01,SKU025,606,242,9,240,537,2364006.0
2024-09-01,SKU026,160,96,7,19,57,988598.4
2024-09-01,SKU027,350,44,13,82,296,1604351.0
2024-09-01,SKU028,315,95,6,71,176,153984.6
2024-09-01,SKU029,378,423,11,177,469,1291285.8
2024-09-01,SKU030,185,64,6,46,84,381660.55
2024-09-01,SKU031,43,144,6,41,74,108590.05
2024-09-01,SKU032,96,375,13,60,196,438432.0
2024-09-01,SKU033,336,273,12,65,192,1142232.0
2024-09-01,SKU034,137,39,14,34,104,211533.48
2024-09-01,SKU035,676,349,13,90,343,3953437.28
2024-09-01,SKU036,296,578,11,119,311,443958.56
2024-09-01,SKU037,1296,275,4,251,413,7317838.08
2024-09-01,SKU038,344,177,6,63,122,1101801.04
2024-09-01,SKU039,79,57,9,40,85,241269.95
2024-09-01,SKU040,149,27,8,17,63,173517.95
2024-09-01,SKU041,168,457,10,88,236,953018.64
2024-09-01,SKU042,228,132,8,38,95,1769535.36
2024-09-01,SKU043,188,117,5,125,222,701719.4
2024-09-01,SKU044,73,164,10,37,105,72783.19
2024-09-01,SKU045,466,218,6,47,129,847337.12
2024-09-01,SKU046,147,273,10,89,211,696625.65
2024-09-01,SKU047,99,8,4,25,49,606724.47
2024-09-01,SKU048,54,60,9,16,44,194330.88
2024-09-01,SKU049,471,170,9,215,457,2489852.01
2024-09-01,SKU050,116,133,8,69,191,402811.16
2024-10-01,SKU001,583,941,14,135,562,2128713.73
2024-10-01,SKU002,357,371,7,90,211,2018692.2
2024-10-01,SKU003,275,48,9,55,148,1690928.25
2024-10-01,SKU004,143,0,13,63,294,177731.84
2024-10-01,SKU005,599,300,10,85,278,4452025.57
2024-10-01,SKU006,307,213,3,124,174,2034304.8
2024-10-01,SKU007,290,85,6,121,227,1318928.7
2024-10-01,SKU008,717,337,5,129,243,4778188.38
2024-10-01,SKU009,224,279,9,60,145,671457.92
2024-10-01,SKU010,24,21,6,19,38,172120.56
2024-10-01,SKU011,433,143,7,141,300,1674449.97
2024-10-01,SKU012,99,73,12,14,48,143128.26
2024-10-01,SKU013,273,65,3,29,52,2115258.6
2024-10-01,SKU014,228,47,14,108,335,711601.68
2024-10-01,SKU015,509,121,14,128,376,639757.01
2024-10-01,SKU016,252,148,6,41,101,506154.6
2024-10-01,SKU017,317,68,4,84,128,2124933.42
2024-10-01,SKU018,491,220,13,100,308,1311382.44
2024-10-01,SKU019,133,87,5,48,83,432643.68
2024-10-01,SKU020,674,413,4,103,235,3733515.16
2024-10-01,SKU021,214,117,14,46,134,65710.84
2024-10-01,SKU022,123,292,12,80,208,664518.57
2024-10-01,SKU023,322,27,13,60,180,1225725.2
2024-10-01,SKU024,141,317,14,65,244,188013.63
2024-10-01,SKU025,916,356,11,183,527,3573316.0
2024-10-01,SKU026,144,7,9,52,111,889738.56
2024-10-01,SKU027,501,40,9,128,278,2296513.86
2024-10-01,SKU028,345,118,3,69,127,168649.8
2024-10-01,SKU029,243,364,10,99,368,830112.3
2024-10-01,SKU030,163,41,3,32,52,336273.89
2024-10-01,SKU031,187,158,12,41,109,472240.45
2024-10-01,SKU032,176,177,7,43,116,803792.0
2024-10-01,SKU033,237,125,7,43,120,805681.5
2024-10-01,SKU034,99,49,5,23,50,152859.96
2024-10-01,SKU035,563,254,6,94,216,3292581.64
2024-10-01,SKU036,533,84,4,66,140,799425.38
2024-10-01,SKU037,763,906,10,175,578,4308264.24
2024-10-01,SKU038,245,166,9,47,129,784712.95
2024-10-01,SKU039,108,124,13,27,89,329837.4
2024-10-01,SKU040,35,48,5,38,70,40759.25
2024-10-01,SKU041,248,219,4,61,126,1406837.04
2024-10-01,SKU042,233,11,4,48,76,1808340.96
2024-10-01,SKU043,466,28,9,104,287,1739368.3
2024-10-01,SKU044,174,31,11,55,138,173483.22
2024-10-01,SKU045,416,183,5,81,150,756421.12
2024-10-01,SKU046,226,47,5,36,90,1071002.7
2024-10-01,SKU047,149,90,3,41,59,913150.97
2024-10-01,SKU048,73,29,12,14,57,262706.56
2024-10-01,SKU049,832,178,8,186,405,4398209.92
2024-10-01,SKU050,372,380,9,59,205,1291773.72
2024-11-01,SKU001,891,598,7,188,371,3253317.21
2024-11-01,SKU002,507,3,14,67,311,2866882.2
2024-11-01,SKU003,235,189,5,58,105,1444975.05
2024-11-01,SKU004,356,340,13,91,289,442465.28
2024-11-01,SKU005,471,440,14,108,350,3500674.53
2024-11-01,SKU006,310,87,14,110,314,2054184.0
2024-11-01,SKU007,328,23,8,62,178,1491753.84
2024-11-01,SKU008,347,395,13,103,371,2312456.58
2024-11-01,SKU009,273,234,14,65,184,818339.34
2024-11-01,SKU010,62,48,6,17,33,444644.78
2024-11-01,SKU011,338,108,3,67,126,1307076.42
2024-11-01,SKU012,99,94,11,22,53,143128.26
2024-11-01,SKU013,249,102,5,41,81,1929301.8
2024-11-01,SKU014,139,31,9,67,210,433827.34
2024-11-01,SKU015,264,248,9,106,253,331818.96
2024-11-01,SKU016,47,5,5,57,101,94401.85
2024-11-01,SKU017,276,32,12,39,158,1850099.76
2024-11-01,SKU018,86,207,5,49,125,229692.24
2024-11-01,SKU019,190,47,10,46,111,618062.4
2024-11-01,SKU020,342,717,11,167,517,1894454.28
2024-11-01,SKU021,40,119,9,16,66,12282.4
2024-11-01,SKU022,226,260,12,57,169,1220985.34
2024-11-01,SKU023,243,43,9,47,120,925003.8
2024-11-01,SKU024,298,208,8,69,174,397362.14
2024-11-01,SKU025,306,647,5,203,338,1193706.0
2024-11-01,SKU026,108,3,6,15,43,667303.92
2024-11-01,SKU027,439,385,14,108,333,2012314.54
2024-11-01,SKU028,541,280,12,70,292,264462.44
2024-11-01,SKU029,493,262,4,87,187,1684137.3
2024-11-01,SKU030,76,114,6,27,60,156790.28
2024-11-01,SKU031,170,30,13,30,112,429309.5
2024-11-01,SKU032,150,294,8,76,155,685050.0
2024-11-01,SKU033,328,24,4,62,100,1115036.0
2024-11-01,SKU034,166,27,14,37,107,256310.64
2024-11-01,SKU035,541,390,11,97,273,3163919.48
2024-11-01,SKU036,82,329,10,72,222,122988.52
2024-11-01,SKU037,785,956,14,207,709,4432486.8
2024-11-01,SKU038,68,270,12,55,172,217797.88
2024-11-01,SKU039,63,55,5,29,52,192405.15
2024-11-01,SKU040,67,6,9,18,71,78024.85
2024-11-01,SKU041,330,260,11,85,238,1872000.9
2024-11-01,SKU042,161,26,3,38,56,1249540.32
2024-11-01,SKU043,104,213,11,138,336,388185.2
2024-11-01,SKU044,53,201,11,30,111,52842.59
2024-11-01,SKU045,247,389,14,100,284,449125.04
2024-11-01,SKU046,317,52,3,88,121,1502247.15
2024-11-01,SKU047,44,113,7,30,65,269655.32
2024-11-01,SKU048,58,89,13,19,61,208725.76
2024-11-01,SKU049,307,215,5,73,190,1622897.17
2024-11-01,SKU050,296,364,8,103,222,1027862.96
2024-12-01,SKU001,790,15,13,156,549,2884534.9
2024-12-01,SKU002,459,109,4,91,159,2595461.4
2024-12-01,SKU003,146,24,5,53,109,897729.18
2024-12-01,SKU004,460,201,9,120,272,571724.8
2024-12-01,SKU005,181,375,7,86,222,1345269.83
2024-12-01,SKU006,329,75,4,94,162,2180085.6
2024-12-01,SKU007,454,91,3,136,189,2064805.62
2024-12-01,SKU008,417,445,8,86,271,2778946.38
2024-12-01,SKU009,309,122,13,28,147,926252.22
2024-12-01,SKU010,27,22,5,21,39,193635.63
2024-12-01,SKU011,421,675,14,121,445,1628044.89
2024-12-01,SKU012,70,1,13,24,63,101201.8
2024-12-01,SKU013,249,200,5,68,112,1929301.8
2024-12-01,SKU014,419,507,13,115,337,1307724.14
2024-12-01,SKU015,587,380,7,121,245,737794.43
2024-12-01,SKU016,320,181,10,64,170,642736.0
2024-12-01,SKU017,142,186,7,65,142,951862.92
2024-12-01,SKU018,543,153,4,81,143,1450266.12
2024-12-01,SKU019,152,0,9,36,96,494449.92
2024-12-01,SKU020,881,266,6,184,378,4880158.54
2024-12-01,SKU021,151,101,5,28,58,46366.06
2024-12-01,SKU022,224,291,14,60,206,1210180.16
2024-12-01,SKU023,166,243,14,26,145,631895.6
2024-12-01,SKU024,263,44,5,48,112,350692.09
2024-12-01,SKU025,317,628,3,235,329,1236617.0
2024-12-01,SKU026,126,100,14,33,109,778521.24
2024-12-01,SKU027,460,43,3,61,111,2108575.6
2024-12-01,SKU028,390,122,6,61,177,190647.6
2024-12-01,SKU029,516,565,7,113,296,1762707.6
2024-12-01,SKU030,183,76,8,21,75,377534.49
2024-12-01,SKU031,158,3,4,27,51,399005.3
2024-12-01,SKU032,64,91,8,49,132,292288.0
2024-12-01,SKU033,82,239,9,40,137,278759.0
2024-12-01,SKU034,33,28,11,30,83,50953.32
2024-12-01,SKU035,486,93,12,98,333,2842264.08
2024-12-01,SKU036,466,326,13,136,368,698934.76
2024-12-01,SKU037,986,887,12,204,712,5567429.28
2024-12-01,SKU038,214,98,6,49,104,685422.74
2024-12-01,SKU039,104,20,4,16,35,317621.2
2024-12-01,SKU040,53,78,7,40,77,61721.15
2024-12-01,SKU041,222,206,13,96,286,1259346.06
2024-12-01,SKU042,95,68,11,46,117,737306.4
2024-12-01,SKU043,338,353,4,107,193,1261601.9
2024-12-01,SKU044,129,102,10,35,118,128616.87
2024-12-01,SKU045,391,164,9,48,167,710963.12
2024-12-01,SKU046,156,140,4,65,112,739276.2
2024-12-01,SKU047,98,30,7,42,83,600595.94
2024-12-01,SKU048,43,40,8,20,49,154744.96
2024-12-01,SKU049,180,456,12,131,461,951535.8
2024-12-01,SKU050,160,268,8,56,183,555601.6
2025-01-01,SKU001,558,184,9,144,414,2037430.98
2025-01-01,SKU002,168,413,10,55,229,949972.8
2025-01-01,SKU003,389,199,7,61,139,2391894.87
2025-01-01,SKU004,382,252,12,109,309,474780.16
2025-01-01,SKU005,154,198,10,107,306,1144594.22
2025-01-01,SKU006,336,515,11,96,262,2226470.4
2025-01-01,SKU007,504,223,3,70,122,2292207.12
2025-01-01,SKU008,706,294,10,167,393,4704882.84
2025-01-01,SKU009,259,163,4,69,108,776373.22
2025-01-01,SKU010,37,0,12,18,59,265352.53
2025-01-01,SKU011,437,659,14,107,426,1689918.33
2025-01-01,SKU012,60,18,4,15,27,86744.4
2025-01-01,SKU013,50,224,12,48,150,387410.0
2025-01-01,SKU014,99,209,3,126,174,308984.94
2025-01-01,SKU015,186,92,3,85,135,233781.54
2025-01-01,SKU016,73,171,4,64,105,146624.15
2025-01-01,SKU017,212,82,8,76,162,1421091.12
2025-01-01,SKU018,150,272,4,79,141,400626.0
2025-01-01,SKU019,127,90,5,21,56,413125.92
2025-01-01,SKU020,785,165,11,167,538,4348381.9
2025-01-01,SKU021,116,112,9,47,104,35618.96
2025-01-01,SKU022,342,293,11,67,193,1847685.78
2025-01-01,SKU023,126,315,13,49,176,479631.6
2025-01-01,SKU024,381,33,3,48,90,508036.83
2025-01-01,SKU025,968,203,4,162,295,3776168.0
2025-01-01,SKU026,201,108,14,42,128,1241926.74
2025-01-01,SKU027,99,310,13,54,272,453802.14
2025-01-01,SKU028,323,232,10,128,313,157895.32
2025-01-01,SKU029,673,161,3,83,160,2299035.3
2025-01-01,SKU030,179,46,6,23,60,369282.37
2025-01-01,SKU031,98,64,7,24,68,247484.3
2025-01-01,SKU032,170,9,6,37,104,776390.0
2025-01-01,SKU033,316,175,12,67,195,1074242.0
2025-01-01,SKU034,41,88,12,35,103,63305.64
2025-01-01,SKU035,599,155,10,117,312,3503119.72
2025-01-01,SKU036,216,140,14,94,348,323969.76
2025-01-01,SKU037,906,889,11,211,655,5115710.88
2025-01-01,SKU038,263,300,13,61,187,842365.33
2025-01-01,SKU039,45,5,11,28,92,137432.25
2025-01-01,SKU040,84,25,10,31,99,97822.2
2025-01-01,SKU041,329,151,6,82,167,1866328.17
2025-01-01,SKU042,65,24,12,29,101,504472.8
2025-01-01,SKU043,425,218,11,114,325,1586333.75
2025-01-01,SKU044,193,49,6,36,80,192426.79
2025-01-01,SKU045,125,339,6,101,188,227290.0
2025-01-01,SKU046,110,46,11,45,175,521284.5
2025-01-01,SKU047,191,38,8,31,75,1170549.23
2025-01-01,SKU048,94,55,6,27,50,338279.68
2025-01-01,SKU049,408,532,13,90,467,2156814.48
2025-01-01,SKU050,500,101,11,51,230,1736255.0
2025-02-01,SKU001,686,690,9,151,438,2504798.66
2025-02-01,SKU002,455,542,11,153,368,2572843.0
2025-02-01,SKU003,392,283,14,71,230,2410341.36
2025-02-01,SKU004,259,141,9,113,268,321905.92
2025-02-01,SKU005,263,463,8,94,256,1954729.09
2025-02-01,SKU006,293,365,11,85,275,1941535.2
2025-02-01,SKU007,320,5,9,70,227,1455369.6
2025-02-01,SKU008,450,314,14,80,447,2998863.0
2025-02-01,SKU009,321,105,4,37,81,962223.18
2025-02-01,SKU010,115,62,9,22,52,824744.35
2025-02-01,SKU011,715,562,12,132,423,2764969.35
2025-02-01,SKU012,76,12,3,11,20,109876.24
2025-02-01,SKU013,115,167,9,43,123,891043.0
2025-02-01,SKU014,183,26,14,94,358,571153.98
2025-02-01,SKU015,190,638,14,67,339,238809.1
2025-02-01,SKU016,341,270,11,80,192,684915.55
2025-02-01,SKU017,291,111,8,48,143,1950648.66
2025-02-01,SKU018,196,276,9,123,279,523484.64
2025-02-01,SKU019,218,131,14,39,152,709145.28
2025-02-01,SKU020,491,30,5,283,475,2719815.94
2025-02-01,SKU021,100,89,3,40,57,30706.0
2025-02-01,SKU022,123,231,7,69,155,664518.57
2025-02-01,SKU023,145,20,7,42,109,551957.0
2025-02-01,SKU024,241,148,10,70,220,321356.63
2025-02-01,SKU025,448,67,3,196,303,1747648.0
2025-02-01,SKU026,29,162,11,42,104,179183.46
2025-02-01,SKU027,205,215,6,104,211,939691.3
2025-02-01,SKU028,583,312,11,146,372,284993.72
2025-02-01,SKU029,651,305,6,173,349,2223881.1
2025-02-01,SKU030,193,58,13,21,114,398164.79
2025-02-01,SKU031,49,83,3,40,60,123742.15
2025-02-01,SKU032,382,68,14,83,262,1744594.0
2025-02-01,SKU033,385,233,5,74,129,1308807.5
2025-02-01,SKU034,188,31,7,20,61,290279.52
2025-02-01,SKU035,395,233,6,82,207,2310070.6
2025-02-01,SKU036,411,228,8,110,263,616442.46
2025-02-01,SKU037,548,1706,13,321,939,3094271.04
2025-02-01,SKU038,214,201,4,73,113,685422.74
2025-02-01,SKU039,166,63,11,26,91,506972.3
2025-02-01,SKU040,71,103,7,43,92,82683.05
2025-02-01,SKU041,186,33,7,129,247,1055127.78
2025-02-01,SKU042,226,108,9,54,125,1754013.12
2025-02-01,SKU043,589,11,10,120,317,2198471.95
2025-02-01,SKU044,165,7,4,24,54,164509.95
2025-02-01,SKU045,229,577,14,105,322,416395.28
2025-02-01,SKU046,212,277,11,63,205,1004657.4
2025-02-01,SKU047,168,23,7,46,94,1029593.04
2025-02-01,SKU048,46,23,11,16,53,165541.12
2025-02-01,SKU049,267,159,3,126,215,1411444.77
2025-02-01,SKU050,547,381,11,54,245,1899462.97
2025-03-01,SKU001,549,571,9,221,544,2004569.19
2025-03-01,SKU002,230,341,10,96,322,1300558.0
2025-03-01,SKU003,443,138,3,98,136,2723931.69
2025-03-01,SKU004,376,176,13,114,374,467322.88
2025-03-01,SKU005,320,349,4,183,279,2378377.6
2025-03-01,SKU006,255,628,13,111,346,1689732.0
2025-03-01,SKU007,167,363,5,141,237,759521.01
2025-03-01,SKU008,694,59,4,184,290,4624913.16
2025-03-01,SKU009,333,87,3,51,89,998194.14
2025-03-01,SKU010,43,6,12,10,46,308382.67
2025-03-01,SKU011,610,289,11,160,456,2358924.9
2025-03-01,SKU012,59,57,13,25,77,85298.66
2025-03-01,SKU013,83,75,8,41,128,643100.6
2025-03-01,SKU014,650,677,14,93,371,2028689.0
2025-03-01,SKU015,403,396,9,126,298,506526.67
2025-03-01,SKU016,124,104,13,65,217,249060.2
2025-03-01,SKU017,247,48,9,96,220,1655705.22
2025-03-01,SKU018,586,251,5,76,166,1565112.24
2025-03-01,SKU019,299,88,6,29,80,972635.04
2025-03-01,SKU020,487,36,3,153,274,2697658.58
2025-03-01,SKU021,131,179,8,42,95,40224.86
2025-03-01,SKU022,289,297,9,92,212,1561348.51
2025-03-01,SKU023,130,3,7,82,157,494858.0
2025-03-01,SKU024,310,427,13,81,287,413363.3
2025-03-01,SKU025,298,870,6,225,463,1162498.0
2025-03-01,SKU026,40,20,10,38,101,247149.6
2025-03-01,SKU027,232,96,7,79,220,1063455.52
2025-03-01,SKU028,162,596,10,167,407,79192.08
2025-03-01,SKU029,533,427,4,113,240,1820781.3
2025-03-01,SKU030,79,80,12,29,123,162979.37
2025-03-01,SKU031,203,19,8,26,88,512646.05
2025-03-01,SKU032,339,138,12,81,236,1548213.0
2025-03-01,SKU033,209,20,14,92,267,710495.5
2025-03-01,SKU034,174,4,4,37,62,268662.96
2025-03-01,SKU035,495,388,9,128,330,2894898.6
2025-03-01,SKU036,472,56,13,113,419,707933.92
2025-03-01,SKU037,1199,1019,6,333,645,6770129.52
2025-03-01,SKU038,290,202,11,45,170,928843.9
2025-03-01,SKU039,154,181,13,32,107,470323.7
2025-03-01,SKU040,64,146,13,24,103,74531.2
2025-03-01,SKU041,110,436,11,80,278,624000.3
2025-03-01,SKU042,215,42,3,61,86,1668640.8
2025-03-01,SKU043,428,7,8,80,281,1597531.4
2025-03-01,SKU044,170,125,8,47,119,169495.1
2025-03-01,SKU045,376,215,9,87,241,683688.32
2025-03-01,SKU046,326,226,9,100,223,1544897.7
2025-03-01,SKU047,148,116,3,57,79,907022.44
2025-03-01,SKU048,109,55,7,26,53,392260.48
2025-03-01,SKU049,182,497,12,126,495,962108.42
2025-03-01,SKU050,552,272,6,76,198,1916825.52
2025-04-01,SKU001,1244,1262,14,164,752,4542229.64
2025-04-01,SKU002,706,579,9,84,317,3992147.6
2025-04-01,SKU003,337,47,4,105,160,2072155.71
2025-04-01,SKU004,498,377,5,90,206,618954.24
2025-04-01,SKU005,696,333,11,95,386,5172971.28
2025-04-01,SKU006,460,692,13,113,404,3048144.0
2025-04-01,SKU007,335,202,9,85,291,1523590.05
2025-04-01,SKU008,256,427,3,151,244,1706019.84
2025-04-01,SKU009,278,384,14,36,195,833327.24
2025-04-01,SKU010,89,73,14,25,82,638280.41
2025-04-01,SKU011,853,577,6,198,386,3298627.77
2025-04-01,SKU012,103,60,6,22,46,148911.22
2025-04-01,SKU013,165,89,14,65,214,1278453.0
2025-04-01,SKU014,375,298,8,101,294,1170397.5
2025-04-01,SKU015,481,195,10,148,385,604564.09
2025-04-01,SKU016,348,22,3,56,98,698975.4
2025-04-01,SKU017,510,559,11,119,301,3418662.6
2025-04-01,SKU018,287,24,11,86,330,766531.08
2025-04-01,SKU019,235,184,9,79,169,764445.6
2025-04-01,SKU020,1040,1007,5,296,524,5760913.6
2025-04-01,SKU021,89,68,5,60,98,27328.34
2025-04-01,SKU022,468,312,8,62,182,2528412.12
2025-04-01,SKU023,425,305,6,88,162,1617805.0
2025-04-01,SKU024,177,103,3,134,191,236017.11
2025-04-01,SKU025,292,677,11,166,641,1139092.0
2025-04-01,SKU026,65,33,8,25,80,401618.1
2025-04-01,SKU027,775,125,11,108,380,3552491.5
2025-04-01,SKU028,243,4,3,139,212,118788.12
2025-04-01,SKU029,544,266,11,107,488,1858358.4
2025-04-01,SKU030,271,64,3,45,72,559081.13
2025-04-01,SKU031,75,4,14,28,148,189401.25
2025-04-01,SKU032,355,172,8,113,229,1621285.0
2025-04-01,SKU033,142,65,4,71,135,482729.0
2025-04-01,SKU034,129,86,6,32,77,199181.16
2025-04-01,SKU035,700,499,4,152,261,4093796.0
2025-04-01,SKU036,512,471,13,75,397,767928.32
2025-04-01,SKU037,455,502,7,183,581,2569148.4
2025-04-01,SKU038,146,169,13,81,261,467624.86
2025-04-01,SKU039,71,63,3,42,61,216837.55
2025-04-01,SKU040,205,97,13,66,176,238732.75
2025-04-01,SKU041,737,235,6,126,259,4180802.01
2025-04-01,SKU042,272,38,8,43,113,2111024.64
2025-04-01,SKU043,785,470,13,166,534,2930051.75
2025-04-01,SKU044,191,337,12,63,190,190432.73
2025-04-01,SKU045,98,0,3,71,128,178195.36
2025-04-01,SKU046,129,85,5,120,198,611324.55
2025-04-01,SKU047,162,40,13,39,150,992821.86
2025-04-01,SKU048,90,26,10,28,77,323884.8
2025-04-01,SKU049,806,632,8,177,476,4260765.86
2025-04-01,SKU050,456,87,5,118,235,1583464.56
2025-05-01,SKU001,868,76,11,275,700,3169337.08
2025-05-01,SKU002,400,231,7,175,340,2261840.0
2025-05-01,SKU003,308,200,4,92,150,1893839.64
2025-05-01,SKU004,678,196,9,135,340,842672.64
2025-05-01,SKU005,169,84,13,101,398,1256080.67
2025-05-01,SKU006,742,7,4,104,190,4916788.8
2025-05-01,SKU007,574,782,12,167,439,2610569.22
2025-05-01,SKU008,563,577,12,173,523,3751910.82
2025-05-01,SKU009,154,46,12,88,222,461627.32
2025-05-01,SKU010,53,90,5,22,46,380099.57
2025-05-01,SKU011,752,83,14,122,515,2908051.68
2025-05-01,SKU012,61,61,3,24,35,88190.14
2025-05-01,SKU013,158,61,8,43,125,1224215.6
2025-05-01,SKU014,426,304,9,72,264,1329571.56
2025-05-01,SKU015,366,160,9,71,270,460021.74
2025-05-01,SKU016,425,192,7,105,199,853633.75
2025-05-01,SKU017,375,119,13,90,298,2513722.5
2025-05-01,SKU018,442,147,8,132,297,1180511.28
2025-05-01,SKU019,117,7,10,45,137,380596.32
2025-05-01,SKU020,1083,486,8,325,675,5999105.22
2025-05-01,SKU021,123,197,11,32,122,37768.38
2025-05-01,SKU022,202,341,11,97,246,1091323.18
2025-05-01,SKU023,257,37,10,32,135,978296.2
2025-05-01,SKU024,345,362,13,97,311,460033.35
2025-05-01,SKU025,847,772,4,303,477,3304147.0
2025-05-01,SKU026,136,42,6,40,85,840308.64
2025-05-01,SKU027,614,389,12,68,332,2814490.04
2025-05-01,SKU028,455,166,10,101,358,222422.2
2025-05-01,SKU029,516,644,10,195,518,1762707.6
2025-05-01,SKU030,227,115,4,51,86,468307.81
2025-05-01,SKU031,138,37,10,55,125,348498.3
2025-05-01,SKU032,295,2,3,71,113,1347265.0
2025-05-01,SKU033,261,295,8,74,182,887269.5
2025-05-01,SKU034,75,154,9,49,106,115803.0
2025-05-01,SKU035,349,465,8,190,394,2041049.72
2025-05-01,SKU036,330,635,10,135,378,494953.8
2025-05-01,SKU037,737,831,14,295,1041,4161455.76
2025-05-01,SKU038,111,164,14,48,214,355523.01
2025-05-01,SKU039,95,38,5,25,59,290134.75
2025-05-01,SKU040,188,241,12,55,153,218935.4
2025-05-01,SKU041,327,1,4,58,134,1854982.71
2025-05-01,SKU042,224,150,9,57,141,1738490.88
2025-05-01,SKU043,213,479,6,117,273,795033.15
2025-05-01,SKU044,219,338,13,52,184,218349.57
2025-05-01,SKU045,471,283,9,53,210,856428.72
2025-05-01,SKU046,517,32,14,94,307,2450037.15
2025-05-01,SKU047,120,113,11,48,127,735423.6
2025-05-01,SKU048,83,53,5,15,37,298693.76
2025-05-01,SKU049,407,723,10,199,552,2151528.17
2025-05-01,SKU050,684,96,9,121,309,2375196.84
2025-06-01,SKU001,406,297,3,126,239,1482431.86
2025-06-01,SKU002,606,130,10,89,336,3426687.6
2025-06-01,SKU003,241,92,6,39,117,1481868.03
2025-06-01,SKU004,147,692,11,162,401,182703.36
2025-06-01,SKU005,699,474,6,169,316,5195268.57
2025-06-01,SKU006,509,111,8,174,349,3372837.6
2025-06-01,SKU007,519,600,11,76,322,2360427.57
2025-06-01,SKU008,903,398,4,148,264,6017718.42
2025-06-01,SKU009,263,120,3,79,116,788363.54
2025-06-01,SKU010,36,6,10,18,59,258180.84
2025-06-01,SKU011,735,114,3,155,236,2842311.15
2025-06-01,SKU012,62,73,3,24,37,89635.88
2025-06-01,SKU013,177,207,7,44,121,1371431.4
2025-06-01,SKU014,236,52,10,72,297,736570.16
2025-06-01,SKU015,324,115,8,130,299,407232.36
2025-06-01,SKU016,123,148,6,79,147,247051.65
2025-06-01,SKU017,443,222,5,53,131,2969544.18
2025-06-01,SKU018,568,78,11,69,277,1517037.12
2025-06-01,SKU019,305,167,7,67,131,992152.8
2025-06-01,SKU020,1031,884,6,265,511,5711059.54
2025-06-01,SKU021,248,70,4,37,66,76150.88
2025-06-01,SKU022,97,172,10,73,205,524051.23
2025-06-01,SKU023,201,180,3,73,108,765126.6
2025-06-01,SKU024,536,132,6,137,240,714718.48
2025-06-01,SKU025,1181,324,6,170,407,4607081.0
2025-06-01,SKU026,75,119,10,41,112,463405.5
2025-06-01,SKU027,534,9,6,144,268,2447781.24
2025-06-01,SKU028,435,276,12,103,399,212645.4
2025-06-01,SKU029,338,257,8,179,457,1154641.8
2025-06-01,SKU030,265,76,3,30,54,546702.95
2025-06-01,SKU031,100,6,14,36,131,252535.0
2025-06-01,SKU032,129,410,12,93,268,589143.0
2025-06-01,SKU033,380,79,12,44,216,1291810.0
2025-06-01,SKU034,50,112,6,50,91,77202.0
2025-06-01,SKU035,621,356,5,173,302,3631781.88
2025-06-01,SKU036,348,375,9,84,303,521951.28
2025-06-01,SKU037,338,638,10,391,928,1908510.24
2025-06-01,SKU038,367,137,8,90,187,1175467.97
2025-06-01,SKU039,231,38,9,40,103,705485.55
2025-06-01,SKU040,152,208,13,56,160,177011.6
2025-06-01,SKU041,476,429,11,75,290,2700219.48
2025-06-01,SKU042,117,126,4,38,75,908051.04
2025-06-01,SKU043,490,465,5,195,326,1828949.5
2025-06-01,SKU044,54,239,9,47,128,53839.62
2025-06-01,SKU045,496,303,8,128,265,901886.72
2025-06-01,SKU046,321,297,13,81,277,1521202.95
2025-06-01,SKU047,53,162,6,43,85,324812.09
2025-06-01,SKU048,121,92,13,32,84,435445.12
2025-06-01,SKU049,720,860,12,252,672,3806143.2
2025-06-01,SKU050,370,439,14,151,440,1284828.7
2025-07-01,SKU001,1121,404,4,214,376,4093118.51
2025-07-01,SKU002,774,228,7,193,363,4376660.4
2025-07-01,SKU003,280,295,11,101,272,1721672.4
2025-07-01,SKU004,393,394,9,86,278,488451.84
2025-07-01,SKU005,509,198,13,197,540,3783106.87
2025-07-01,SKU006,428,321,14,101,400,2836099.2
2025-07-01,SKU007,643,313,11,147,400,2924383.29
2025-07-01,SKU008,538,374,4,169,291,3585307.32
2025-07-01,SKU009,229,57,4,49,98,686445.82
2025-07-01,SKU010,69,83,5,32,52,494846.61
2025-07-01,SKU011,214,218,7,103,309,827557.26
2025-07-01,SKU012,128,164,14,27,84,185054.72
2025-07-01,SKU013,332,189,6,35,97,2572402.4
2025-07-01,SKU014,345,450,14,94,395,1076765.7
2025-07-01,SKU015,420,423,10,125,343,527893.8
2025-07-01,SKU016,269,1,3,50,86,540299.95
2025-07-01,SKU017,143,61,13,60,248,958566.18
2025-07-01,SKU018,631,96,4,62,144,1685300.04
2025-07-01,SKU019,317,309,11,69,174,1031188.32
2025-07-01,SKU020,568,558,5,194,415,3146345.12
2025-07-01,SKU021,286,38,8,64,132,87819.16
2025-07-01,SKU022,83,171,5,79,152,448414.97
2025-07-01,SKU023,290,166,12,78,210,1103914.0
2025-07-01,SKU024,429,261,12,125,340,572041.47
2025-07-01,SKU025,365,573,7,171,461,1423865.0
2025-07-01,SKU026,172,248,13,52,138,1062743.28
2025-07-01,SKU027,281,658,11,117,351,1288064.66
2025-07-01,SKU028,823,18,6,125,268,402315.32
2025-07-01,SKU029,242,99,7,147,378,826696.2
2025-07-01,SKU030,286,63,13,43,150,590026.58
2025-07-01,SKU031,59,152,10,49,130,148995.65
2025-07-01,SKU032,408,231,13,63,259,1863336.0
2025-07-01,SKU033,332,299,7,76,166,1128634.0
2025-07-01,SKU034,137,205,13,22,113,211533.48
2025-07-01,SKU035,830,605,10,91,331,4854072.4
2025-07-01,SKU036,687,362,4,183,276,1030403.82
2025-07-01,SKU037,749,612,10,354,907,4229213.52
2025-07-01,SKU038,346,93,9,60,177,1108206.86
2025-07-01,SKU039,122,64,4,43,65,372594.1
2025-07-01,SKU040,145,53,3,31,54,168859.75
2025-07-01,SKU041,620,70,14,145,424,3517092.6
2025-07-01,SKU042,186,40,8,37,106,1443568.32
2025-07-01,SKU043,565,297,12,176,505,2108890.75
2025-07-01,SKU044,268,105,7,39,101,267204.04
2025-07-01,SKU045,352,159,6,58,168,640048.64
2025-07-01,SKU046,125,316,3,126,176,592368.75
2025-07-01,SKU047,70,198,10,49,124,428997.1
2025-07-01,SKU048,55,78,5,22,43,197929.6
2025-07-01,SKU049,1119,127,5,195,372,5915380.89
2025-07-01,SKU050,202,220,7,106,249,701447.02
2025-08-01,SKU001,709,1015,9,238,533,2588778.79
2025-08-01,SKU002,644,76,14,87,373,3641562.4
2025-08-01,SKU003,143,206,4,97,145,879282.69
2025-08-01,SKU004,167,186,7,116,244,207560.96
2025-08-01,SKU005,483,200,6,65,186,3589863.69
2025-08-01,SKU006,345,403,10,125,301,2286108.0
2025-08-01,SKU007,478,98,7,89,224,2173958.34
2025-08-01,SKU008,238,222,6,108,257,1586065.32
2025-08-01,SKU009,129,49,8,30,107,386687.82
2025-08-01,SKU010,38,4,4,14,27,272524.22
2025-08-01,SKU011,145,441,4,178,276,560728.05
2025-08-01,SKU012,55,112,13,27,82,79515.7
2025-08-01,SKU013,272,91,7,36,95,2107510.4
2025-08-01,SKU014,376,384,8,100,246,1173518.56
2025-08-01,SKU015,109,481,9,79,241,137001.01
2025-08-01,SKU016,236,119,10,46,152,474017.8
2025-08-01,SKU017,275,371,13,61,231,1843396.5
2025-08-01,SKU018,480,61,11,133,324,1282003.2
2025-08-01,SKU019,185,231,11,62,154,601797.6
2025-08-01,SKU020,636,223,5,117,292,3523020.24
2025-08-01,SKU021,33,8,6,48,86,10132.98
2025-08-01,SKU022,74,116,13,60,211,399791.66
2025-08-01,SKU023,228,286,13,37,151,867904.8
2025-08-01,SKU024,182,318,5,91,162,242684.26
2025-08-01,SKU025,594,562,8,227,507,2317194.0
2025-08-01,SKU026,96,90,12,20,97,593159.04
2025-08-01,SKU027,263,604,11,127,340,1205555.18
2025-08-01,SKU028,584,303,6,72,193,285482.56
2025-08-01,SKU029,773,394,6,169,338,2640645.3
2025-08-01,SKU030,83,56,6,24,65,171231.49
2025-08-01,SKU031,31,33,5,18,49,78285.85
2025-08-01,SKU032,175,140,3,57,91,799225.0
2025-08-01,SKU033,214,218,5,81,147,727493.0
2025-08-01,SKU034,104,83,9,36,89,160580.16
2025-08-01,SKU035,554,621,14,98,383,3239947.12
2025-08-01,SKU036,555,373,13,67,335,832422.3
2025-08-01,SKU037,640,585,7,304,643,3613747.2
2025-08-01,SKU038,148,73,11,35,153,474030.68
2025-08-01,SKU039,127,181,11,41,107,387864.35
2025-08-01,SKU040,52,83,14,50,143,60556.6
2025-08-01,SKU041,145,50,10,97,271,822545.85
2025-08-01,SKU042,116,68,3,19,38,900289.92
2025-08-01,SKU043,337,437,5,156,264,1257869.35
2025-08-01,SKU044,297,88,12,49,155,296117.91
2025-08-01,SKU045,234,268,10,73,234,425486.88
2025-08-01,SKU046,305,163,5,71,135,1445379.75
2025-08-01,SKU047,148,68,3,35,55,907022.44
2025-08-01,SKU048,31,23,13,15,58,111560.32
2025-08-01,SKU049,674,344,5,239,392,3562972.94
2025-08-01,SKU050,499,98,9,59,207,1732782.49
2025-09-01,SKU001,226,257,13,153,547,825196.06
2025-09-01,SKU002,120,34,10,57,240,678552.0
2025-09-01,SKU003,73,281,8,59,141,448864.59
2025-09-01,SKU004,424,246,10,50,215,526981.12
2025-09-01,SKU005,673,340,5,100,198,5002025.39
2025-09-01,SKU006,193,243,3,106,154,1278895.2
2025-09-01,SKU007,367,183,14,97,340,1669127.01
2025-09-01,SKU008,759,25,11,157,420,5058082.26
2025-09-01,SKU009,129,97,3,38,68,386687.82
2025-09-01,SKU010,37,46,9,19,48,265352.53
2025-09-01,SKU011,592,979,14,180,515,2289317.28
2025-09-01,SKU012,43,17,12,21,57,62166.82
2025-09-01,SKU013,202,226,7,69,133,1565136.4
2025-09-01,SKU014,346,269,7,117,230,1079886.76
2025-09-01,SKU015,268,69,6,76,182,336846.52
2025-09-01,SKU016,312,96,9,51,131,626667.6
2025-09-01,SKU017,239,206,6,71,134,1602079.14
2025-09-01,SKU018,277,317,11,125,305,739822.68
2025-09-01,SKU019,78,192,11,44,118,253730.88
2025-09-01,SKU020,851,406,5,246,413,4713978.34
2025-09-01,SKU021,89,123,9,21,74,27328.34
2025-09-01,SKU022,332,76,8,43,133,1793659.88
2025-09-01,SKU023,276,63,5,67,112,1050621.6
2025-09-01,SKU024,75,99,3,46,87,100007.25
2025-09-01,SKU025,322,488,4,160,296,1256122.0
2025-09-01,SKU026,110,18,3,25,41,679661.4
2025-09-01,SKU027,368,36,6,102,206,1686860.48
2025-09-01,SKU028,149,313,3,103,159,72837.16
2025-09-01,SKU029,664,989,14,102,501,2268290.4
2025-09-01,SKU030,86,137,10,19,82,177420.58
2025-09-01,SKU031,202,1,8,23,72,510120.7
2025-09-01,SKU032,126,113,3,42,75,575442.0
2025-09-01,SKU033,371,95,8,40,131,1261214.5
2025-09-01,SKU034,94,61,13,29,96,145139.76
2025-09-01,SKU035,491,201,8,140,292,2871505.48
2025-09-01,SKU036,300,447,8,119,261,449958.0
2025-09-01,SKU037,1077,263,14,239,816,6081258.96
2025-09-01,SKU038,132,118,7,73,144,422784.12
2025-09-01,SKU039,67,150,14,32,107,204621.35
2025-09-01,SKU040,32,122,11,29,84,37265.6
2025-09-01,SKU041,324,195,3,96,143,1837964.52
2025-09-01,SKU042,206,190,13,41,123,1598790.72
2025-09-01,SKU043,617,326,12,66,320,2302983.35
2025-09-01,SKU044,87,101,6,35,78,86741.61
2025-09-01,SKU045,104,279,9,82,217,189105.28
2025-09-01,SKU046,323,23,5,62,122,1530680.85
2025-09-01,SKU047,176,21,5,20,49,1078621.28
2025-09-01,SKU048,99,22,5,15,30,356273.28
2025-09-01,SKU049,349,247,10,136,408,1844922.19
2025-09-01,SKU050,405,45,14,113,355,1406366.55
2025-10-01,SKU001,663,307,3,132,226,2420818.53
2025-10-01,SKU002,599,204,13,112,350,3387105.4
2025-10-01,SKU003,310,103,5,45,100,1906137.3
2025-10-01,SKU004,189,326,9,78,218,234904.32
2025-10-01,SKU005,423,96,11,70,272,3143917.89
2025-10-01,SKU006,232,418,11,65,241,1537324.8
2025-10-01,SKU007,526,185,4,63,133,2392263.78
2025-10-01,SKU008,644,424,6,104,240,4291706.16
2025-10-01,SKU009,137,11,5,50,95,410668.46
2025-10-01,SKU010,117,1,12,25,67,839087.73
2025-10-01,SKU011,330,213,7,117,264,1276139.7
2025-10-01,SKU012,42,13,3,12,20,60721.08
2025-10-01,SKU013,110,218,11,43,123,852302.0
2025-10-01,SKU014,564,306,7,104,219,1760277.84
2025-10-01,SKU015,314,386,14,89,334,394663.46
2025-10-01,SKU016,158,80,7,34,100,317350.9
2025-10-01,SKU017,312,66,7,68,151,2091417.12
2025-10-01,SKU018,435,29,10,71,222,1161815.4
2025-10-01,SKU019,264,78,4,39,69,858781.44
2025-10-01,SKU020,774,183,4,101,230,4287449.16
2025-10-01,SKU021,101,48,6,34,73,31013.06
2025-10-01,SKU022,89,217,8,54,140,480830.51
2025-10-01,SKU023,221,176,12,52,155,841258.6
2025-10-01,SKU024,119,126,14,84,267,158678.17
2025-10-01,SKU025,330,150,4,174,302,1287330.0
2025-10-01,SKU026,56,39,13,42,115,346009.44
2025-10-01,SKU027,133,79,3,76,123,609653.38
2025-10-01,SKU028,269,142,7,136,258,131497.96
2025-10-01,SKU029,684,138,9,164,381,2336612.4
2025-10-01,SKU030,142,208,13,39,123,292950.26
2025-10-01,SKU031,132,192,11,51,125,333346.2
2025-10-01,SKU032,115,462,14,87,246,525205.0
2025-10-01,SKU033,259,94,6,81,144,880470.5
2025-10-01,SKU034,46,83,10,24,70,71025.84
2025-10-01,SKU035,394,292,4,131,207,2304222.32
2025-10-01,SKU036,423,156,13,120,352,634440.78
2025-10-01,SKU037,555,167,12,132,638,3133796.4
2025-10-01,SKU038,212,80,8,42,118,679016.92
2025-10-01,SKU039,135,113,4,43,65,412296.75
2025-10-01,SKU040,123,119,11,36,99,143239.65
2025-10-01,SKU041,469,261,12,63,250,2660510.37
2025-10-01,SKU042,70,82,8,53,109,543278.4
2025-10-01,SKU043,540,528,11,63,276,2015577.0
2025-10-01,SKU044,169,7,7,24,74,168498.07
2025-10-01,SKU045,216,224,14,43,240,392757.12
2025-10-01,SKU046,246,47,5,75,131,1165781.7
2025-10-01,SKU047,91,75,14,31,110,557696.23
2025-10-01,SKU048,70,4,3,20,31,251910.4
2025-10-01,SKU049,751,177,14,99,491,3970018.81
2025-10-01,SKU050,519,206,4,105,172,1802232.69
2025-11-01,SKU001,197,334,12,135,463,719308.07
2025-11-01,SKU002,461,100,4,76,138,2606770.6
2025-11-01,SKU003,144,37,5,37,85,885431.52
2025-11-01,SKU004,534,249,10,72,236,663697.92
2025-11-01,SKU005,335,37,9,100,257,2489864.05
2025-11-01,SKU006,245,30,14,87,297,1623468.0
2025-11-01,SKU007,434,27,5,64,136,1973845.02
2025-11-01,SKU008,605,251,3,143,207,4031804.7
2025-11-01,SKU009,207,102,3,36,60,620499.06
2025-11-01,SKU010,83,62,10,14,41,595250.27
2025-11-01,SKU011,346,118,3,60,118,1338013.14
2025-11-01,SKU012,36,46,7,15,35,52046.64
2025-11-01,SKU013,54,126,9,25,86,418402.8
2025-11-01,SKU014,362,290,8,74,188,1129823.72
2025-11-01,SKU015,399,237,4,58,121,501499.11
2025-11-01,SKU016,313,63,6,69,126,628676.15
2025-11-01,SKU017,269,205,14,69,206,1803176.94
2025-11-01,SKU018,492,375,8,82,196,1314053.28
2025-11-01,SKU019,121,2,3,37,56,393608.16
2025-11-01,SKU020,338,826,11,105,434,1872296.92
2025-11-01,SKU021,56,194,13,40,113,17195.36
2025-11-01,SKU022,118,383,14,73,226,637505.62
2025-11-01,SKU023,247,201,8,42,101,940230.2
2025-11-01,SKU024,337,112,3,89,126,449365.91
2025-11-01,SKU025,295,53,3,194,278,1150795.0
2025-11-01,SKU026,47,59,12,20,77,290400.78
2025-11-01,SKU027,540,365,9,90,230,2475284.4
2025-11-01,SKU028,491,548,14,61,317,240020.44
2025-11-01,SKU029,317,287,4,95,194,1082903.7
2025-11-01,SKU030,66,25,4,23,47,136159.98
2025-11-01,SKU031,32,163,12,31,94,80811.2
2025-11-01,SKU032,271,354,13,71,206,1237657.0
2025-11-01,SKU033,212,101,9,54,129,720694.0
2025-11-01,SKU034,109,105,12,21,84,168300.36
2025-11-01,SKU035,579,5,4,117,185,3386154.12
2025-11-01,SKU036,318,61,11,77,245,476955.48
2025-11-01,SKU037,573,712,13,142,613,3235433.04
2025-11-01,SKU038,60,47,6,32,83,192174.6
2025-11-01,SKU039,152,94,6,20,53,464215.6
2025-11-01,SKU040,181,30,10,22,81,210783.55
2025-11-01,SKU041,292,418,14,97,311,1656437.16
2025-11-01,SKU042,151,48,8,44,96,1171929.12
2025-11-01,SKU043,112,491,10,75,251,418045.6
2025-11-01,SKU044,112,13,13,28,110,111667.36
2025-11-01,SKU045,284,121,13,70,227,516402.88
2025-11-01,SKU046,257,56,8,31,113,1217910.15
2025-11-01,SKU047,98,125,8,44,88,600595.94
2025-11-01,SKU048,73,59,7,17,37,262706.56
2025-11-01,SKU049,410,337,12,113,407,2167387.1
2025-11-01,SKU050,94,132,13,87,266,326415.94
2025-12-01,SKU001,771,147,4,159,289,2815160.01
2025-12-01,SKU002,526,29,3,94,149,2974319.6
2025-12-01,SKU003,349,12,3,88,123,2145941.67
2025-12-01,SKU004,259,254,6,98,196,321905.92
2025-12-01,SKU005,471,291,6,129,245,3500674.53
2025-12-01,SKU006,359,485,13,129,340,2378877.6
2025-12-01,SKU007,207,460,8,98,237,941442.21
2025-12-01,SKU008,325,155,3,91,161,2165845.5
2025-12-01,SKU009,75,89,7,63,131,224818.5
2025-12-01,SKU010,83,70,13,22,60,595250.27
2025-12-01,SKU011,753,269,3,179,247,2911918.77
2025-12-01,SKU012,47,60,12,16,58,67949.78
2025-12-01,SKU013,151,95,4,32,61,1169978.2
2025-12-01,SKU014,309,334,10,130,299,964407.54
2025-12-01,SKU015,187,245,9,119,265,235038.43
2025-12-01,SKU016,255,187,11,30,129,512180.25
2025-12-01,SKU017,95,26,12,108,274,636809.7
2025-12-01,SKU018,235,102,8,66,184,627647.4
2025-12-01,SKU019,227,114,14,25,126,738421.92
2025-12-01,SKU020,1002,353,3,129,227,5550418.68
2025-12-01,SKU021,88,97,9,36,88,27021.28
2025-12-01,SKU022,95,194,8,76,163,513246.05
2025-12-01,SKU023,130,79,12,41,148,494858.0
2025-12-01,SKU024,341,18,14,60,259,454699.63
2025-12-01,SKU025,1124,61,14,121,582,4384724.0
2025-12-01,SKU026,160,70,5,31,59,988598.4
2025-12-01,SKU027,567,103,3,83,133,2599048.62
2025-12-01,SKU028,174,55,11,114,337,85058.16
2025-12-01,SKU029,261,520,5,196,329,891602.1
2025-12-01,SKU030,166,32,9,43,104,342462.98
2025-12-01,SKU031,93,40,13,28,113,234857.55
2025-12-01,SKU032,278,214,11,60,185,1269626.0
2025-12-01,SKU033,208,168,12,55,183,707096.0
2025-12-01,SKU034,34,103,5,34,58,52497.36
2025-12-01,SKU035,670,76,8,137,304,3918347.6
2025-12-01,SKU036,383,135,3,77,129,574446.38
2025-12-01,SKU037,355,687,8,315,644,2004500.4
2025-12-01,SKU038,159,310,12,56,175,509262.69
2025-12-01,SKU039,93,35,3,17,31,284026.65
2025-12-01,SKU040,67,29,9,36,93,78024.85
2025-12-01,SKU041,440,40,4,78,139,2496001.2
2025-12-01,SKU042,90,120,6,41,88,698500.8
2025-12-01,SKU043,559,211,12,142,393,2086495.45
2025-12-01,SKU044,223,39,5,55,93,222337.69
2025-12-01,SKU045,307,142,4,88,142,558224.24
2025-12-01,SKU046,119,182,4,46,96,563935.05
2025-12-01,SKU047,201,129,9,44,99,1231834.53
2025-12-01,SKU048,106,50,3,22,31,381464.32
2025-12-01,SKU049,780,599,5,206,344,4123321.8
2025-12-01,SKU050,328,525,14,69,316,1138983.28
