SKU,Date,Forecast_Units
SKU001,2026-01-12,79.19
SKU002,2026-01-12,48.42
SKU003,2026-01-12,33.56
SKU004,2026-01-12,33.26
SKU005,2026-01-12,94.15
SKU006,2026-01-12,36.71
SKU007,2026-01-12,158.24
SKU008,2026-01-12,93.6
SKU009,2026-01-12,59.17
SKU010,2026-01-12,92.21
SKU011,2026-01-12,19.64
SKU012,2026-01-12,159.33
SKU013,2026-01-12,80.42
SKU014,2026-01-12,109.86
SKU015,2026-01-12,18.83
SKU016,2026-01-12,80.98
SKU017,2026-01-12,84.7
SKU018,2026-01-12,157.81
SKU019,2026-01-12,93.76
SKU020,2026-01-12,85.6
SKU021,2026-01-12,44.73
SKU022,2026-01-12,64.88
SKU023,2026-01-12,89.28
SKU024,2026-01-12,71.36
SKU025,2026-01-12,18.94
SKU026,2026-01-12,147.68
SKU027,2026-01-12,155.94
SKU028,2026-01-12,32.3
SKU029,2026-01-12,92.84
SKU030,2026-01-12,31.81
SKU031,2026-01-12,105.02
SKU032,2026-01-12,55.18
SKU033,2026-01-12,92.65
SKU034,2026-01-12,106.43
SKU035,2026-01-12,129.17
SKU036,2026-01-12,33.37
SKU037,2026-01-12,127.19
SKU038,2026-01-12,46.6
SKU039,2026-01-12,19.53
SKU040,2026-01-12,84.95
SKU041,2026-01-12,68.28
SKU042,2026-01-12,128.8
SKU043,2026-01-12,147.46
SKU044,2026-01-12,58.64
SKU045,2026-01-12,154.81
SKU046,2026-01-12,56.58
SKU047,2026-01-12,85.24
SKU048,2026-01-12,45.96
SKU049,2026-01-12,160.3
SKU050,2026-01-12,37.11
SKU001,2026-01-19,78.67
SKU002,2026-01-19,49.19
SKU003,2026-01-19,32.03
SKU004,2026-01-19,31.85
SKU005,2026-01-19,94.69
SKU006,2026-01-19,36.47
SKU007,2026-01-19,143.49
SKU008,2026-01-19,93.58
SKU009,2026-01-19,66.14
SKU010,2026-01-19,92.58
SKU011,2026-01-19,21.59
SKU012,2026-01-19,160.19
SKU013,2026-01-19,73.6
SKU014,2026-01-19,105.65
SKU015,2026-01-19,22.29
SKU016,2026-01-19,82.0
SKU017,2026-01-19,83.98
SKU018,2026-01-19,153.09
SKU019,2026-01-19,92.7
SKU020,2026-01-19,79.17
SKU021,2026-01-19,44.41
SKU022,2026-01-19,61.45
SKU023,2026-01-19,89.97
SKU024,2026-01-19,71.76
SKU025,2026-01-19,20.33
SKU026,2026-01-19,131.67
SKU027,2026-01-19,167.08
SKU028,2026-01-19,31.9
SKU029,2026-01-19,92.74
SKU030,2026-01-19,31.32
SKU031,2026-01-19,99.15
SKU032,2026-01-19,55.33
SKU033,2026-01-19,93.08
SKU034,2026-01-19,106.9
SKU035,2026-01-19,124.55
SKU036,2026-01-19,31.92
SKU037,2026-01-19,154.75
SKU038,2026-01-19,46.43
SKU039,2026-01-19,20.09
SKU040,2026-01-19,80.59
SKU041,2026-01-19,64.89
SKU042,2026-01-19,148.88
SKU043,2026-01-19,133.49
SKU044,2026-01-19,58.69
SKU045,2026-01-19,135.39
SKU046,2026-01-19,48.54
SKU047,2026-01-19,82.86
SKU048,2026-01-19,44.32
SKU049,2026-01-19,151.37
SKU050,2026-01-19,35.54
SKU001,2026-01-26,78.13
SKU002,2026-01-26,49.04
SKU003,2026-01-26,34.63
SKU004,2026-01-26,31.79
SKU005,2026-01-26,91.63
SKU006,2026-01-26,37.51
SKU007,2026-01-26,167.13
SKU008,2026-01-26,93.95
SKU009,2026-01-26,63.69
SKU010,2026-01-26,93.16
SKU011,2026-01-26,19.75
SKU012,2026-01-26,167.77
SKU013,2026-01-26,73.31
SKU014,2026-01-26,100.82
SKU015,2026-01-26,21.76
SKU016,2026-01-26,79.13
SKU017,2026-01-26,82.89
SKU018,2026-01-26,151.33
SKU019,2026-01-26,93.72
SKU020,2026-01-26,83.08
SKU021,2026-01-26,44.11
SKU022,2026-01-26,67.34
SKU023,2026-01-26,84.02
SKU024,2026-01-26,69.98
SKU025,2026-01-26,20.4
SKU026,2026-01-26,146.09
SKU027,2026-01-26,152.04
SKU028,2026-01-26,32.24
SKU029,2026-01-26,83.4
SKU030,2026-01-26,32.56
SKU031,2026-01-26,94.24
SKU032,2026-01-26,50.34
SKU033,2026-01-26,91.57
SKU034,2026-01-26,99.5
SKU035,2026-01-26,131.35
SKU036,2026-01-26,32.39
SKU037,2026-01-26,141.9
SKU038,2026-01-26,44.03
SKU039,2026-01-26,20.01
SKU040,2026-01-26,79.91
SKU041,2026-01-26,64.88
SKU042,2026-01-26,130.01
SKU043,2026-01-26,145.5
SKU044,2026-01-26,56.52
SKU045,2026-01-26,162.86
SKU046,2026-01-26,49.09
SKU047,2026-01-26,84.8
SKU048,2026-01-26,39.15
SKU049,2026-01-26,151.03
SKU050,2026-01-26,36.81
SKU001,2026-02-02,79.87
SKU002,2026-02-02,49.41
SKU003,2026-02-02,33.51
SKU004,2026-02-02,31.75
SKU005,2026-02-02,93.76
SKU006,2026-02-02,41.34
SKU007,2026-02-02,150.01
SKU008,2026-02-02,86.51
SKU009,2026-02-02,62.65
SKU010,2026-02-02,88.67
SKU011,2026-02-02,21.42
SKU012,2026-02-02,151.81
SKU013,2026-02-02,77.73
SKU014,2026-02-02,98.26
SKU015,2026-02-02,22.46
SKU016,2026-02-02,81.88
SKU017,2026-02-02,83.07
SKU018,2026-02-02,149.1
SKU019,2026-02-02,86.61
SKU020,2026-02-02,81.23
SKU021,2026-02-02,44.75
SKU022,2026-02-02,64.4
SKU023,2026-02-02,86.5
SKU024,2026-02-02,72.63
SKU025,2026-02-02,21.44
SKU026,2026-02-02,144.85
SKU027,2026-02-02,147.95
SKU028,2026-02-02,32.13
SKU029,2026-02-02,86.37
SKU030,2026-02-02,29.48
SKU031,2026-02-02,95.24
SKU032,2026-02-02,52.41
SKU033,2026-02-02,87.69
SKU034,2026-02-02,98.77
SKU035,2026-02-02,114.81
SKU036,2026-02-02,31.24
SKU037,2026-02-02,150.87
SKU038,2026-02-02,45.2
SKU039,2026-02-02,24.49
SKU040,2026-02-02,83.3
SKU041,2026-02-02,66.77
SKU042,2026-02-02,135.08
SKU043,2026-02-02,143.13
SKU044,2026-02-02,50.89
SKU045,2026-02-02,156.12
SKU046,2026-02-02,47.95
SKU047,2026-02-02,84.4
SKU048,2026-02-02,44.93
SKU049,2026-02-02,147.86
SKU050,2026-02-02,36.71
SKU001,2026-02-09,87.8
SKU002,2026-02-09,60.09
SKU003,2026-02-09,39.33
SKU004,2026-02-09,32.19
SKU005,2026-02-09,103.31
SKU006,2026-02-09,38.82
SKU007,2026-02-09,170.94
SKU008,2026-02-09,99.57
SKU009,2026-02-09,74.32
SKU010,2026-02-09,98.47
SKU011,2026-02-09,20.54
SKU012,2026-02-09,180.51
SKU013,2026-02-09,80.99
SKU014,2026-02-09,126.4
SKU015,2026-02-09,22.22
SKU016,2026-02-09,88.56
SKU017,2026-02-09,94.98
SKU018,2026-02-09,171.64
SKU019,2026-02-09,96.58
SKU020,2026-02-09,92.59
SKU021,2026-02-09,49.5
SKU022,2026-02-09,74.07
SKU023,2026-02-09,93.41
SKU024,2026-02-09,80.0
SKU025,2026-02-09,21.78
SKU026,2026-02-09,153.08
SKU027,2026-02-09,181.33
SKU028,2026-02-09,36.55
SKU029,2026-02-09,94.82
SKU030,2026-02-09,35.34
SKU031,2026-02-09,109.85
SKU032,2026-02-09,63.83
SKU033,2026-02-09,97.78
SKU034,2026-02-09,114.28
SKU035,2026-02-09,159.05
SKU036,2026-02-09,33.56
SKU037,2026-02-09,164.4
SKU038,2026-02-09,50.45
SKU039,2026-02-09,21.15
SKU040,2026-02-09,91.78
SKU041,2026-02-09,77.88
SKU042,2026-02-09,144.69
SKU043,2026-02-09,162.29
SKU044,2026-02-09,62.77
SKU045,2026-02-09,169.93
SKU046,2026-02-09,60.31
SKU047,2026-02-09,94.95
SKU048,2026-02-09,46.91
SKU049,2026-02-09,176.65
SKU050,2026-02-09,42.65
SKU001,2026-02-16,88.69
SKU002,2026-02-16,60.74
SKU003,2026-02-16,37.12
SKU004,2026-02-16,33.55
SKU005,2026-02-16,108.74
SKU006,2026-02-16,37.18
SKU007,2026-02-16,168.5
SKU008,2026-02-16,102.06
SKU009,2026-02-16,71.21
SKU010,2026-02-16,103.14
SKU011,2026-02-16,20.84
SKU012,2026-02-16,181.69
SKU013,2026-02-16,78.51
SKU014,2026-02-16,148.99
SKU015,2026-02-16,25.24
SKU016,2026-02-16,85.43
SKU017,2026-02-16,92.79
SKU018,2026-02-16,171.23
SKU019,2026-02-16,99.38
SKU020,2026-02-16,93.74
SKU021,2026-02-16,48.72
SKU022,2026-02-16,77.84
SKU023,2026-02-16,95.2
SKU024,2026-02-16,80.49
SKU025,2026-02-16,20.52
SKU026,2026-02-16,154.23
SKU027,2026-02-16,170.09
SKU028,2026-02-16,34.88
SKU029,2026-02-16,95.72
SKU030,2026-02-16,33.3
SKU031,2026-02-16,110.33
SKU032,2026-02-16,58.17
SKU033,2026-02-16,103.15
SKU034,2026-02-16,133.78
SKU035,2026-02-16,151.5
SKU036,2026-02-16,33.25
SKU037,2026-02-16,170.61
SKU038,2026-02-16,50.82
SKU039,2026-02-16,24.82
SKU040,2026-02-16,94.57
SKU041,2026-02-16,74.56
SKU042,2026-02-16,159.94
SKU043,2026-02-16,152.94
SKU044,2026-02-16,55.33
SKU045,2026-02-16,179.7
SKU046,2026-02-16,60.29
SKU047,2026-02-16,94.89
SKU048,2026-02-16,46.99
SKU049,2026-02-16,173.7
SKU050,2026-02-16,42.29
