Snapshot_Date,SKU,Current_Stock,On_Order,Lead_Time_Days,Safety_Stock,Reorder_Point,Inventory_Value,Lead_Time_Weeks,Lead_Time_Demand,Forecast_6W_Units,Product_Name,Category,Subcategory,Cost_Price,Selling_Price,Gross_Margin_Per_Unit,Projected_Stock_6W,Stockout_Risk,Overstock_Risk,Recommended_Action,Sales_At_Risk_INR,Locked_Capital_INR,Value_At_Stake_INR
2025-12-01,SKU001,771,147,4,159,289,2815160.01,0.5714285714285714,165.14285714285714,492.35,Product 001,Furniture,Chair,1758.45,3664.05,1905.6,425.65,Low,Low,Healthy,0.0,0.0,0.0
2025-12-01,SKU002,526,29,3,94,149,2974319.6,0.42857142857142855,63.857142857142854,316.89,Product 002,Home Decor,Table,3867.09,3805.69,-61.4,238.11,Low,Low,Healthy,0.0,0.0,0.0
2025-12-01,SKU003,349,12,3,88,123,2145941.67,0.42857142857142855,52.71428571428571,210.18,Product 003,Kitchen,Cushion,589.48,8078.23,7488.75,150.82,Low,Low,Healthy,0.0,0.0,0.0
2025-12-01,SKU004,259,254,6,98,196,321905.92,0.8571428571428571,168.0,194.39,Product 004,Lighting,Cookware,1445.74,6861.57,5415.83,318.61,Low,High,Markdown / clear,0.0,179589.82280000005,179589.82280000005
2025-12-01,SKU005,471,291,6,129,245,3500674.53,0.8571428571428571,210.0,586.28,Product 005,Storage,Lamp,5543.63,9493.22,3949.59,175.72000000000003,Low,Low,Healthy,0.0,0.0,0.0
2025-12-01,SKU006,359,485,13,129,340,2378877.6,1.8571428571428572,631.4285714285714,228.03,Product 006,Furniture,Shelf,6021.91,8106.04,2084.13,615.97,Low,High,Markdown / clear,0.0,2336139.7654000004,2336139.7654000004
2025-12-01,SKU007,207,460,8,98,237,941442.21,1.1428571428571428,270.85714285714283,958.31,Product 007,Home Decor,Cabinet,7748.2,5114.09,-2634.11,-291.30999999999995,High,Low,Reorder now,1489785.5578999997,0.0,1489785.5578999997
2025-12-01,SKU008,325,155,3,91,161,2165845.5,0.42857142857142855,69.0,569.27,Product 008,Kitchen,Rug,2775.15,9842.64,7067.49,-89.26999999999998,High,Low,Reorder now,878652.4727999998,0.0,878652.4727999998
2025-12-01,SKU009,75,89,7,63,131,224818.5,1.0,131.0,397.18,Product 009,Lighting,Organizer,3121.06,2336.89,-784.17,-233.18,High,Low,Reorder now,544916.0102,0.0,544916.0102
2025-12-01,SKU010,83,70,13,22,60,595250.27,1.8571428571428572,111.42857142857143,568.23,Product 010,Storage,Sofa,3889.06,663.46,-3225.6,-415.23,High,Low,Reorder now,275488.49580000003,0.0,275488.49580000003
2025-12-01,SKU011,753,269,3,179,247,2911918.77,0.42857142857142855,105.85714285714285,123.78,Product 011,Furniture,Chair,1718.4,1444.56,-273.84,898.22,Low,High,Markdown / clear,0.0,1330797.6960000002,1330797.6960000002
2025-12-01,SKU012,47,60,12,16,58,67949.78,1.7142857142857142,99.42857142857142,1001.3,Product 012,Home Decor,Table,1256.89,8779.37,7522.48,-894.3,High,Low,Reorder now,7851390.591,0.0,7851390.591
2025-12-01,SKU013,151,95,4,32,61,1169978.2,0.5714285714285714,34.857142857142854,464.56,Product 013,Kitchen,Cushion,3936.71,5757.78,1821.07,-218.56,High,Low,Reorder now,1258420.3968,0.0,1258420.3968
2025-12-01,SKU014,309,334,10,130,299,964407.54,1.4285714285714286,427.14285714285717,689.98,Product 014,Lighting,Cookware,2008.55,2270.75,262.2,-46.98000000000002,High,Low,Reorder now,106679.83500000004,0.0,106679.83500000004
2025-12-01,SKU015,187,245,9,119,265,235038.43,1.2857142857142858,340.7142857142857,132.8,Product 015,Storage,Lamp,5441.06,6212.12,771.06,299.2,Low,High,Markdown / clear,0.0,905392.384,905392.384
2025-12-01,SKU016,255,187,11,30,129,512180.25,1.5714285714285714,202.71428571428572,497.98,Product 016,Furniture,Shelf,3637.93,2166.82,-1471.11,-55.98000000000002,High,Low,Reorder now,121298.58360000004,0.0,121298.58360000004
2025-12-01,SKU017,95,26,12,108,274,636809.7,1.7142857142857142,469.71428571428567,522.41,Product 017,Home Decor,Cabinet,6703.26,8477.32,1774.06,-401.40999999999997,High,Low,Reorder now,3402881.0212,0.0,3402881.0212
2025-12-01,SKU018,235,102,8,66,184,627647.4,1.1428571428571428,210.28571428571428,954.2,Product 018,Kitchen,Rug,5677.05,5575.41,-101.64,-617.2,High,Low,Reorder now,3441143.052,0.0,3441143.052
2025-12-01,SKU019,227,114,14,25,126,738421.92,2.0,252.0,562.75,Product 019,Lighting,Organizer,2670.84,4819.85,2149.01,-221.75,High,Low,Reorder now,1068801.7375,0.0,1068801.7375
2025-12-01,SKU020,1002,353,3,129,227,5550418.68,0.42857142857142855,97.28571428571428,515.41,Product 020,Storage,Sofa,6700.01,3897.54,-2802.47,839.59,Low,High,Markdown / clear,0.0,2172009.2418000004,2172009.2418000004
2025-12-01,SKU021,88,97,9,36,88,27021.28,1.2857142857142858,113.14285714285715,276.21999999999997,Product 021,Furniture,Chair,6486.92,7711.28,1224.36,-91.21999999999997,High,Low,Reorder now,703422.9615999998,0.0,703422.9615999998
2025-12-01,SKU022,95,194,8,76,163,513246.05,1.1428571428571428,186.28571428571428,409.98,Product 022,Home Decor,Table,3252.96,4597.03,1344.07,-120.98000000000002,High,Low,Reorder now,556148.6894,0.0,556148.6894
2025-12-01,SKU023,130,79,12,41,148,494858.0,1.7142857142857142,253.7142857142857,538.38,Product 023,Kitchen,Cushion,2484.54,1416.74,-1067.8,-329.38,High,Low,Reorder now,466645.8212,0.0,466645.8212
2025-12-01,SKU024,341,18,14,60,259,454699.63,2.0,518.0,446.22,Product 024,Lighting,Cookware,5539.34,1768.87,-3770.47,-87.22000000000003,High,Low,Reorder now,154280.84140000003,0.0,154280.84140000003
2025-12-01,SKU025,1124,61,14,121,582,4384724.0,2.0,1164.0,123.41,Product 025,Storage,Lamp,1333.08,11558.01,10224.93,1061.59,Low,High,Markdown / clear,0.0,1250668.9944,1250668.9944
2025-12-01,SKU026,160,70,5,31,59,988598.4,0.7142857142857143,42.142857142857146,877.6,Product 026,Furniture,Shelf,1799.29,10939.54,9140.25,-647.6,High,Low,Reorder now,7084446.104000001,0.0,7084446.104000001
2025-12-01,SKU027,567,103,3,83,133,2599048.62,0.42857142857142855,57.0,974.4300000000001,Product 027,Home Decor,Cabinet,307.06,8516.6,8209.54,-304.43000000000006,High,Low,Reorder now,2592708.5380000006,0.0,2592708.5380000006
2025-12-01,SKU028,174,55,11,114,337,85058.16,1.5714285714285714,529.5714285714286,200.0,Product 028,Kitchen,Rug,6348.66,3484.09,-2864.57,29.0,Low,Low,Healthy,0.0,0.0,0.0
2025-12-01,SKU029,261,520,5,196,329,891602.1,0.7142857142857143,235.0,545.89,Product 029,Lighting,Organizer,5402.59,11642.45,6239.86,235.11,Low,Low,Healthy,0.0,0.0,0.0
2025-12-01,SKU030,166,32,9,43,104,342462.98,1.2857142857142858,133.71428571428572,193.81,Product 030,Storage,Sofa,5715.03,9433.51,3718.48,4.189999999999998,Low,Low,Healthy,0.0,0.0,0.0
2025-12-01,SKU031,93,40,13,28,113,234857.55,1.8571428571428572,209.85714285714286,613.8299999999999,Product 031,Furniture,Chair,6300.65,8715.93,2415.28,-480.8299999999999,High,Low,Reorder now,4190880.6218999997,0.0,4190880.6218999997
2025-12-01,SKU032,278,214,11,60,185,1269626.0,1.5714285714285714,290.7142857142857,335.26,Product 032,Home Decor,Table,3806.6,5612.59,1805.99,156.74,Low,Low,Healthy,0.0,0.0,0.0
2025-12-01,SKU033,208,168,12,55,183,707096.0,1.7142857142857142,313.7142857142857,565.92,Product 033,Kitchen,Cushion,4657.74,3558.0,-1099.74,-189.91999999999996,High,Low,Reorder now,675735.3599999999,0.0,675735.3599999999
2025-12-01,SKU034,34,103,5,34,58,52497.36,0.7142857142857143,41.42857142857143,659.6600000000001,Product 034,Lighting,Cookware,1333.43,1518.14,184.71,-522.6600000000001,High,Low,Reorder now,793471.0524000002,0.0,793471.0524000002
2025-12-01,SKU035,670,76,8,137,304,3918347.6,1.1428571428571428,347.4285714285714,810.4300000000001,Product 035,Storage,Lamp,1137.61,10870.19,9732.58,-64.43000000000006,High,Low,Reorder now,700366.3417000007,0.0,700366.3417000007
2025-12-01,SKU036,383,135,3,77,129,574446.38,0.42857142857142855,55.285714285714285,195.73000000000002,Product 036,Furniture,Shelf,5430.12,5687.0,256.88,322.27,Low,High,Markdown / clear,0.0,687127.3847999998,687127.3847999998
2025-12-01,SKU037,355,687,8,315,644,2004500.4,1.1428571428571428,736.0,909.72,Product 037,Home Decor,Cabinet,3901.0,2747.42,-1153.58,132.27999999999997,Low,Low,Healthy,0.0,0.0,0.0
2025-12-01,SKU038,159,310,12,56,175,509262.69,1.7142857142857142,300.0,283.53000000000003,Product 038,Kitchen,Rug,4630.58,3949.1,-681.48,185.46999999999997,Low,Low,Healthy,0.0,0.0,0.0
2025-12-01,SKU039,93,35,3,17,31,284026.65,0.42857142857142855,13.285714285714285,130.09,Product 039,Lighting,Organizer,6178.74,7118.95,940.21,-2.0900000000000034,High,Low,Reorder now,14878.605500000023,0.0,14878.605500000023
2025-12-01,SKU040,67,29,9,36,93,78024.85,1.2857142857142858,119.57142857142858,515.1,Product 040,Storage,Sofa,5169.07,2450.56,-2718.51,-419.1,High,Low,Reorder now,1027029.696,0.0,1027029.696
2025-12-01,SKU041,440,40,4,78,139,2496001.2,0.5714285714285714,79.42857142857143,417.26,Product 041,Furniture,Chair,4540.24,10336.73,5796.49,62.74000000000001,Low,Low,Healthy,0.0,0.0,0.0
2025-12-01,SKU042,90,120,6,41,88,698500.8,0.8571428571428571,75.42857142857143,847.4,Product 042,Home Decor,Table,4583.86,9198.83,4614.97,-637.4,High,Low,Reorder now,5863334.242,0.0,5863334.242
2025-12-01,SKU043,559,211,12,142,393,2086495.45,1.7142857142857142,673.7142857142857,884.81,Product 043,Kitchen,Cushion,2605.61,8745.77,6140.16,-114.80999999999995,High,Low,Reorder now,1004101.8536999996,0.0,1004101.8536999996
2025-12-01,SKU044,223,39,5,55,93,222337.69,0.7142857142857143,66.42857142857143,342.84000000000003,Product 044,Lighting,Cookware,488.84,5412.28,4923.44,-80.84000000000003,High,Low,Reorder now,437528.71520000015,0.0,437528.71520000015
2025-12-01,SKU045,307,142,4,88,142,558224.24,0.5714285714285714,81.14285714285714,958.81,Product 045,Storage,Lamp,3634.56,7676.78,4042.22,-509.80999999999995,High,Low,Reorder now,3913699.2117999992,0.0,3913699.2117999992
2025-12-01,SKU046,119,182,4,46,96,563935.05,0.5714285714285714,54.857142857142854,322.76,Product 046,Furniture,Shelf,1913.03,7175.54,5262.51,-21.75999999999999,High,Low,Reorder now,156139.75039999993,0.0,156139.75039999993
2025-12-01,SKU047,201,129,9,44,99,1231834.53,1.2857142857142858,127.28571428571429,527.14,Product 047,Home Decor,Cabinet,3416.1,7938.22,4522.12,-197.14,High,Low,Reorder now,1564940.6908,0.0,1564940.6908
2025-12-01,SKU048,106,50,3,22,31,381464.32,0.42857142857142855,13.285714285714285,268.26,Product 048,Kitchen,Rug,6863.87,1379.55,-5484.32,-112.25999999999999,High,Low,Reorder now,154868.283,0.0,154868.283
2025-12-01,SKU049,780,599,5,206,344,4123321.8,0.7142857142857143,245.71428571428572,960.9100000000001,Product 049,Lighting,Organizer,2063.03,5223.37,3160.34,418.0899999999999,Low,Low,Healthy,0.0,0.0,0.0
2025-12-01,SKU050,328,525,14,69,316,1138983.28,2.0,632.0,231.11,Product 050,Storage,Sofa,701.85,882.72,180.87,621.89,Low,High,Markdown / clear,0.0,274268.94299999997,274268.94299999997
